acf,param,n_rep,seed,iter,best_y,y_min_est,true_regret,runtime
anpei,0.5,3,1,1,3.1171012791243897,3.1712107561879535,2.552052237222803,34.41838836669922
anpei,0.5,3,1,2,3.1171012791243897,-1.9949849117885918,12.509484642148317,34.41838836669922
anpei,0.5,3,1,3,3.1171012791243897,2.7580587070682085,3.7939218093949743,34.41838836669922
anpei,0.5,3,1,4,3.1171012791243897,1.403278360417488,9.514177487584766,34.41838836669922
anpei,0.5,3,1,5,3.1171012791243897,2.738306238432095,3.66506292984171,34.41838836669922
anpei,0.5,3,1,6,3.1171012791243897,2.7361217238446898,3.701073093874042,34.41838836669922
anpei,0.5,3,1,7,3.1171012791243897,2.7417030453753313,3.7267109904355404,34.41838836669922
anpei,0.5,3,1,8,3.1171012791243897,2.7496181767050416,3.7414022305201025,34.41838836669922
anpei,0.5,3,1,9,3.1171012791243897,2.645860540247888,2.326094841928806,34.41838836669922
anpei,0.5,3,1,10,3.1171012791243897,2.9174467452206443,2.3509863434184695,34.41838836669922
anpei,0.5,3,1,11,-2.7713119520412683,2.8539201505678946,2.3405352436686586,34.41838836669922
anpei,0.5,3,1,12,-2.7713119520412683,-2.1125128927784047,1.6225247083447902,34.41838836669922
anpei,0.5,3,1,13,-2.7713119520412683,-1.9277546439976163,1.3025203625388517,34.41838836669922
anpei,0.5,3,1,14,-2.7713119520412683,-1.6016734673674051,1.3501950985785989,34.41838836669922
anpei,0.5,3,1,15,-2.7713119520412683,-2.790454977043872,2.4839558348834796,34.41838836669922
anpei,0.5,3,1,16,-2.7713119520412683,-3.269468729184709,5.864127016086908,34.41838836669922
anpei,0.5,3,1,17,-2.7713119520412683,-0.5128011927062559,1.3332406952319484,34.41838836669922
anpei,0.5,3,1,18,-2.7713119520412683,-0.41158684964388925,1.2591812377536549,34.41838836669922
anpei,0.5,3,1,19,-2.7713119520412683,-0.3726028290256238,1.2314397834374589,34.41838836669922
anpei,0.5,3,1,20,-2.7713119520412683,-0.3768532490561256,1.234484424532246,34.41838836669922
anpei,0.5,3,1,21,-2.7713119520412683,-1.0811456184368637,1.6315407464361096,34.41838836669922
anpei,0.5,3,1,22,-2.7713119520412683,-0.9898253761907938,1.5753668368131626,34.41838836669922
anpei,0.5,3,1,23,-2.7713119520412683,-0.9918483127342768,1.5764469058670914,34.41838836669922
anpei,0.5,3,1,24,-2.7713119520412683,-0.9908631576289935,1.5759164028228234,34.41838836669922
anpei,0.5,3,1,25,-2.7713119520412683,-1.8702419861429433,1.1593492673554309,34.41838836669922
anpei,0.5,3,1,26,-2.7713119520412683,-1.8354227873736875,1.1503406021625633,34.41838836669922
anpei,0.5,3,1,27,-2.7713119520412683,-1.838881552379874,1.1528176899450795,34.41838836669922
anpei,0.5,3,1,28,-2.7713119520412683,-1.8272859190852557,1.1436924509277944,34.41838836669922
anpei,0.5,3,1,29,-2.7713119520412683,-1.8263744383487222,1.1433628438785952,34.41838836669922
anpei,0.5,3,1,30,-2.7713119520412683,-1.8321915475608819,1.1470645808087756,34.41838836669922
anpei,0.5,3,2,1,3.6762179239130788,3.7160355138640426,2.627701967395984,39.28206276893616
anpei,0.5,3,2,2,3.6762179239130788,-1.5966745574872832,13.02044212781694,39.28206276893616
anpei,0.5,3,2,3,3.6762179239130788,3.3133909114242,3.8835179337680943,39.28206276893616
anpei,0.5,3,2,4,3.6762179239130788,1.8559729755349395,9.656575311801372,39.28206276893616
anpei,0.5,3,2,5,3.6762179239130788,3.3118909141690978,3.7607567532149595,39.28206276893616
anpei,0.5,3,2,6,3.6762179239130788,3.3081555576713626,3.79756566921081,39.28206276893616
anpei,0.5,3,2,7,3.6762179239130788,3.6037835180933158,2.421003285892894,39.28206276893616
anpei,0.5,3,2,8,3.6762179239130788,3.2842358142546644,2.33319083319138,39.28206276893616
anpei,0.5,3,2,9,3.6762179239130788,3.5370391522066527,2.393051165663419,39.28206276893616
anpei,0.5,3,2,10,3.6762179239130788,3.487133354770158,2.374416351409277,39.28206276893616
anpei,0.5,3,2,11,3.6762179239130788,3.4797270045965973,2.3754815959528424,39.28206276893616
anpei,0.5,3,2,12,3.0560317291905386,3.394521001214862,2.3554176810844316,39.28206276893616
anpei,0.5,3,2,13,3.0560317291905386,3.093729748659065,2.326553863135384,39.28206276893616
anpei,0.5,3,2,14,3.0560317291905386,-13.804394104417383,5.7115965756043,39.28206276893616
anpei,0.5,3,2,15,3.0560317291905386,3.428020741776713,2.5870873555788494,39.28206276893616
anpei,0.5,3,2,16,2.1314428873936,3.4014815360058748,2.644419194558836,39.28206276893616
anpei,0.5,3,2,17,2.1314428873936,1.7837140648090895,0.20966393750382473,39.28206276893616
anpei,0.5,3,2,18,0.17283033832975506,1.273873470373438,0.0695104160978044,39.28206276893616
anpei,0.5,3,2,19,0.17283033832975506,0.45621811058698114,0.013461476432269137,39.28206276893616
anpei,0.5,3,2,20,0.17283033832975506,0.5077483267352747,0.011101320548068117,39.28206276893616
anpei,0.5,3,2,21,0.17283033832975506,0.5195882460935266,0.01059037297418186,39.28206276893616
anpei,0.5,3,2,22,0.17283033832975506,0.47504951610066115,0.013168521546985446,39.28206276893616
anpei,0.5,3,2,23,0.17283033832975506,0.47449312154722634,0.013408105419959071,39.28206276893616
anpei,0.5,3,2,24,0.17283033832975506,0.47547240235551413,0.013116951674621902,39.28206276893616
anpei,0.5,3,2,25,0.17283033832975506,0.48056331802582974,0.010986111652155017,39.28206276893616
anpei,0.5,3,2,26,0.17283033832975506,0.4807067309580191,0.010941999390011503,39.28206276893616
anpei,0.5,3,2,27,0.17283033832975506,0.4823806172103744,0.010414069589719688,39.28206276893616
anpei,0.5,3,2,28,0.17283033832975506,0.4827272344189879,0.010323520624936577,39.28206276893616
anpei,0.5,3,2,29,0.17283033832975506,0.4904740148468463,0.009659923333142473,39.28206276893616
anpei,0.5,3,2,30,0.17283033832975506,0.49066239895145003,0.009622493771781038,39.28206276893616
anpei,0.5,5,1,1,3.3890352727058697,3.537361369441527,2.5520554381556178,39.84010052680969
anpei,0.5,5,1,2,3.3890352727058697,3.5537107678496938,2.552148677716014,39.84010052680969
anpei,0.5,5,1,3,3.3890352727058697,3.562978307745148,2.5520045365103217,39.84010052680969
anpei,0.5,5,1,4,3.3890352727058697,3.316342573352216,2.3473694291632627,39.84010052680969
anpei,0.5,5,1,5,3.3890352727058697,3.0813080215298,2.501919750113065,39.84010052680969
anpei,0.5,5,1,6,3.3890352727058697,2.8502148878635865,2.744704501520814,39.84010052680969
anpei,0.5,5,1,7,3.3890352727058697,2.599750480995958,3.077599013366717,39.84010052680969
anpei,0.5,5,1,8,3.3890352727058697,3.3229069154184003,2.7018716340847284,39.84010052680969
anpei,0.5,5,1,9,3.3890352727058697,3.261510860515216,2.8592165620395544,39.84010052680969
anpei,0.5,5,1,10,3.111774806727756,3.2532858347270377,2.863719033541499,39.84010052680969
anpei,0.5,5,1,11,3.111774806727756,3.1593586789521737,2.9636885771604478,39.84010052680969
anpei,0.5,5,1,12,0.7688167493661773,3.3239859785367543,1.2764209933045052,39.84010052680969
anpei,0.5,5,1,13,0.7688167493661773,0.3763795319154326,0.7293622935318211,39.84010052680969
anpei,0.5,5,1,14,0.7688167493661773,0.7858610392907863,0.3950497042834744,39.84010052680969
anpei,0.5,5,1,15,0.4672590832772984,0.33306778376189783,0.030858454488816633,39.84010052680969
anpei,0.5,5,1,16,0.4672590832772984,0.3110028096510362,0.03534652582812292,39.84010052680969
anpei,0.5,5,1,17,0.4672590832772984,0.40206807622126917,0.011334084190051996,39.84010052680969
anpei,0.5,5,1,18,0.4672590832772984,0.4206485040457224,0.007222832506251109,39.84010052680969
anpei,0.5,5,1,19,0.4672590832772984,0.43930183858609695,0.003582297631277598,39.84010052680969
anpei,0.5,5,1,20,0.4672590832772984,0.4315142186399825,0.007179864886833087,39.84010052680969
anpei,0.5,5,1,21,0.4672590832772984,0.3037074621530991,0.060992665422642034,39.84010052680969
anpei,0.5,5,1,22,0.4672590832772984,0.414355612125064,0.011823326483881402,39.84010052680969
anpei,0.5,5,1,23,0.4672590832772984,0.41867948599043103,0.009636861464361601,39.84010052680969
anpei,0.5,5,1,24,0.4672590832772984,0.4186278157079002,0.009720329006137618,39.84010052680969
anpei,0.5,5,1,25,0.4672590832772984,0.4174970381487242,0.01008622892168809,39.84010052680969
anpei,0.5,5,1,26,0.4672590832772984,0.4135687497611471,0.011359738063960734,39.84010052680969
anpei,0.5,5,1,27,0.4672590832772984,0.41253836114530884,0.011451346424685482,39.84010052680969
anpei,0.5,5,1,28,0.4672590832772984,0.4131866896871301,0.01135420609089266,39.84010052680969
anpei,0.5,5,1,29,0.4672590832772984,0.41056947621235196,0.011751185109250883,39.84010052680969
anpei,0.5,5,1,30,0.4672590832772984,0.41410451104825796,0.011152458219100936,39.84010052680969
anpei,0.5,5,2,1,2.7369781424392583,2.857273954717087,2.6277358486636437,37.52461624145508
anpei,0.5,5,2,2,2.7369781424392583,2.870767168531252,2.6278188390893593,37.52461624145508
anpei,0.5,5,2,3,2.7369781424392583,2.8780796536366253,2.6277112285621262,37.52461624145508
anpei,0.5,5,2,4,2.7369781424392583,2.564252896662815,2.342440690549548,37.52461624145508
anpei,0.5,5,2,5,2.7369781424392583,2.296879916574703,2.4926623529699388,37.52461624145508
anpei,0.5,5,2,6,2.7369781424392583,2.723076920904724,2.529074893793454,37.52461624145508
anpei,0.5,5,2,7,2.7369781424392583,2.807715835872706,2.6100750651387656,37.52461624145508
anpei,0.5,5,2,8,2.7369781424392583,2.6412574262081634,2.593845752927674,37.52461624145508
anpei,0.5,5,2,9,2.7369781424392583,2.4604918046684148,2.573344303075201,37.52461624145508
anpei,0.5,5,2,10,2.7369781424392583,2.420014359452651,2.5784531317419592,37.52461624145508
anpei,0.5,5,2,11,0.9312758639538607,2.7382743632994533,2.6281782833291523,37.52461624145508
anpei,0.5,5,2,12,0.39858035758638943,-0.635841507599693,0.09639226026914471,37.52461624145508
anpei,0.5,5,2,13,0.17292781736082188,-1.413709576371481,1.5170764888928083,37.52461624145508
anpei,0.5,5,2,14,-3.6250317401572945,-1.6187005803623862,1.6083039751558283,37.52461624145508
anpei,0.5,5,2,15,-3.6250317401572945,-3.822776722875844,2.453515437919732,37.52461624145508
anpei,0.5,5,2,16,-3.6250317401572945,-4.104750929569178,2.1426988066885233,37.52461624145508
anpei,0.5,5,2,17,-3.6250317401572945,-5.251605262741471,2.4839558348834796,37.52461624145508
anpei,0.5,5,2,18,-3.6250317401572945,-5.2791320871851255,2.4839558348834796,37.52461624145508
anpei,0.5,5,2,19,-3.6250317401572945,-5.261652303795088,2.4839558348834796,37.52461624145508
anpei,0.5,5,2,20,-3.6250317401572945,-5.274497719515992,2.4839558348834796,37.52461624145508
anpei,0.5,5,2,21,-3.6250317401572945,-5.290187009661139,2.4839558348834796,37.52461624145508
anpei,0.5,5,2,22,-3.6250317401572945,-5.289089207337383,2.4839558348834796,37.52461624145508
anpei,0.5,5,2,23,-3.6250317401572945,-5.287089002074168,2.4839558348834796,37.52461624145508
anpei,0.5,5,2,24,-3.6250317401572945,-5.3105073595231005,2.4839558348834796,37.52461624145508
anpei,0.5,5,2,25,-3.6250317401572945,-5.318956572943485,2.4839558348834796,37.52461624145508
anpei,0.5,5,2,26,-3.6250317401572945,-5.322273393843169,2.4839558348834796,37.52461624145508
anpei,0.5,5,2,27,-3.6250317401572945,-5.321155119567813,2.4839558348834796,37.52461624145508
anpei,0.5,5,2,28,-3.6250317401572945,-5.319588915432128,2.4839558348834796,37.52461624145508
anpei,0.5,5,2,29,-3.6250317401572945,-5.316087018858582,2.4839558348834796,37.52461624145508
anpei,0.5,5,2,30,-3.6250317401572945,-5.316943530576417,2.4839558348834796,37.52461624145508
anpei,0.5,10,1,1,3.0859138046909957,3.1535095183920347,2.552056972799103,38.742756605148315
anpei,0.5,10,1,2,3.0859138046909957,-2.2049638374141836,12.651946782082785,38.742756605148315
anpei,0.5,10,1,3,3.0859138046909957,2.892610120708177,3.5453863751320114,38.742756605148315
anpei,0.5,10,1,4,3.0859138046909957,2.948785314384274,3.5681960985321544,38.742756605148315
anpei,0.5,10,1,5,3.0859138046909957,3.0021507711732482,3.5856330480834746,38.742756605148315
anpei,0.5,10,1,6,3.0859138046909957,3.0703329659747,3.598959335709681,38.742756605148315
anpei,0.5,10,1,7,3.0859138046909957,3.1078570351693315,3.6046796965976737,38.742756605148315
anpei,0.5,10,1,8,3.0859138046909957,3.1747963816536284,3.6141130906328556,38.742756605148315
anpei,0.5,10,1,9,3.0859138046909957,3.0507321024223515,3.601024532587375,38.742756605148315
anpei,0.5,10,1,10,3.0859138046909957,1.9639445721173345,8.992852793111648,38.742756605148315
anpei,0.5,10,1,11,3.0859138046909957,3.1634849776309864,3.6170582005569587,38.742756605148315
anpei,0.5,10,1,12,3.0859138046909957,3.1425223485197904,3.6105919521827623,38.742756605148315
anpei,0.5,10,1,13,3.0859138046909957,3.1814687924010983,3.6127366135313466,38.742756605148315
anpei,0.5,10,1,14,0.4406520309782775,-2.4582416116326016,0.05514441219918709,38.742756605148315
anpei,0.5,10,1,15,0.4406520309782775,0.2177707031969618,0.08755655243539273,38.742756605148315
anpei,0.5,10,1,16,0.4406520309782775,0.7321838994710532,0.029862594757522842,38.742756605148315
anpei,0.5,10,1,17,0.4406520309782775,0.7650018635284965,0.014566490047164038,38.742756605148315
anpei,0.5,10,1,18,0.4406520309782775,0.7621575679119061,0.015994748692394367,38.742756605148315
anpei,0.5,10,1,19,0.4406520309782775,0.7660284957357106,0.013844469530498671,38.742756605148315
anpei,0.5,10,1,20,0.4406520309782775,0.7656662543524959,0.014980844167233442,38.742756605148315
anpei,0.5,10,1,21,0.4406520309782775,0.7643247968299676,0.008897409797713252,38.742756605148315
anpei,0.5,10,1,22,0.4406520309782775,0.7638528335828667,0.008279387544130046,38.742756605148315
anpei,0.5,10,1,23,0.4406520309782775,0.7632386355674186,0.007947895147683681,38.742756605148315
anpei,0.5,10,1,24,0.4406520309782775,0.7638222067702642,0.008103869822805976,38.742756605148315
anpei,0.5,10,1,25,0.4406520309782775,0.7652469966733904,0.008264847892270666,38.742756605148315
anpei,0.5,10,1,26,0.4406520309782775,0.7574679074375581,0.005974043524984651,38.742756605148315
anpei,0.5,10,1,27,0.4406520309782775,0.7563923151000083,0.005593305207254318,38.742756605148315
anpei,0.5,10,1,28,0.4406520309782775,0.7554337211467796,0.005270105625271526,38.742756605148315
anpei,0.5,10,1,29,0.4406520309782775,0.7554214736073988,0.00525306166603734,38.742756605148315
anpei,0.5,10,1,30,0.4406520309782775,0.7553640440261375,0.005251433275569539,38.742756605148315
anpei,0.5,10,2,1,2.607794816599945,2.6424872087725433,2.627714682369109,37.13256883621216
anpei,0.5,10,2,2,2.607794816599945,-2.5113691528455035,12.94155624555417,37.13256883621216
anpei,0.5,10,2,3,2.607794816599945,2.28451818582554,3.788852826014897,37.13256883621216
anpei,0.5,10,2,4,2.607794816599945,0.6011078405325705,9.886328060661459,37.13256883621216
anpei,0.5,10,2,5,2.607794816599945,2.2979713159940474,3.6526355614871404,37.13256883621216
anpei,0.5,10,2,6,2.607794816599945,2.2916657994398477,3.6904296989766623,37.13256883621216
anpei,0.5,10,2,7,2.607794816599945,2.4473008614622245,2.3766121913282436,37.13256883621216
anpei,0.5,10,2,8,2.607794816599945,2.4340207267128378,2.3736337457506655,37.13256883621216
anpei,0.5,10,2,9,0.6857116434486532,2.440084478465117,2.37540955783217,37.13256883621216
anpei,0.5,10,2,10,0.6857116434486532,0.4670131670418698,0.41218912523297746,37.13256883621216
anpei,0.5,10,2,11,0.6857116434486532,-0.04017095663525083,0.6888763486407168,37.13256883621216
anpei,0.5,10,2,12,0.6857116434486532,0.9443995409719506,0.350381248987512,37.13256883621216
anpei,0.5,10,2,13,0.6857116434486532,0.9538344268360035,0.3575101719866911,37.13256883621216
anpei,0.5,10,2,14,0.6857116434486532,0.6928652809886557,2.8241929173944413e-05,37.13256883621216
anpei,0.5,10,2,15,0.6857116434486532,0.6419090600289223,0.0006393492182734661,37.13256883621216
anpei,0.5,10,2,16,0.6857116434486532,1.0317543969685872,0.0001037893133322143,37.13256883621216
anpei,0.5,10,2,17,0.6857116434486532,1.0219284238225015,4.481815562229485e-05,37.13256883621216
anpei,0.5,10,2,18,0.6857116434486532,1.0250910137684315,4.449844306542161e-05,37.13256883621216
anpei,0.5,10,2,19,0.6857116434486532,1.0270638834246242,5.198654007720904e-05,37.13256883621216
anpei,0.5,10,2,20,0.6857116434486532,1.0345973229982803,9.001814977160905e-05,37.13256883621216
anpei,0.5,10,2,21,0.6857116434486532,1.0242488281150415,3.0136629055377284e-05,37.13256883621216
anpei,0.5,10,2,22,0.6857116434486532,1.0464744749358346,0.00011503516041244666,37.13256883621216
anpei,0.5,10,2,23,0.6857116434486532,1.0560020667395165,0.00014371676092395091,37.13256883621216
anpei,0.5,10,2,24,0.6857116434486532,1.056667404124795,0.00013243300266019276,37.13256883621216
anpei,0.5,10,2,25,0.6857116434486532,1.0520283536055786,8.894482318844155e-05,37.13256883621216
anpei,0.5,10,2,26,0.6857116434486532,1.0468505703740973,5.771814109323259e-05,37.13256883621216
anpei,0.5,10,2,27,0.6857116434486532,1.0334068216203178,1.5149787762069877e-05,37.13256883621216
anpei,0.5,10,2,28,0.6857116434486532,1.0600714397221083,3.880908465347943e-05,37.13256883621216
anpei,0.5,10,2,29,0.6857116434486532,1.041305847214261,1.3237513911690257e-06,37.13256883621216
anpei,0.5,10,2,30,0.6857116434486532,1.0282738524793373,3.976058787102943e-06,37.13256883621216
ei,,3,1,1,3.1171012791243897,3.1712107561879463,2.5520521221640013,36.87362837791443
ei,,3,1,2,3.1171012791243897,-1.9940966272537537,12.432963118096236,36.87362837791443
ei,,3,1,3,3.1171012791243897,2.7949667002589607,3.7213459391278247,36.87362837791443
ei,,3,1,4,3.1171012791243897,2.845467778749679,3.735975012620118,36.87362837791443
ei,,3,1,5,3.1171012791243897,2.9021425430903847,3.743908446080736,36.87362837791443
ei,,3,1,6,3.1171012791243897,2.9603120931881577,3.7418458100962395,36.87362837791443
ei,,3,1,7,-0.06878635542570304,3.03932940975416,2.915053521700756,36.87362837791443
ei,,3,1,8,-0.06878635542570304,2.995757213854475,3.0453190683434386,36.87362837791443
ei,,3,1,9,-0.06878635542570304,3.037657138098986,2.8773569619572967,36.87362837791443
ei,,3,1,10,-0.06878635542570304,2.9798765771328917,2.760062786569855,36.87362837791443
ei,,3,1,11,-1.441554242505893,2.9204683307042885,2.972298958362823,36.87362837791443
ei,,3,1,12,-1.441554242505893,1.1327002093683802,0.3303694759439697,36.87362837791443
ei,,3,1,13,-1.441554242505893,1.2193425194508052,0.3406455924124696,36.87362837791443
ei,,3,1,14,-2.471312042749439,-0.9543022746718961,0.23710819496737834,36.87362837791443
ei,,3,1,15,-2.471312042749439,-1.1134351312861526,0.35323715581623283,36.87362837791443
ei,,3,1,16,-2.471312042749439,-0.6877005010639508,0.6013392458192044,36.87362837791443
ei,,3,1,17,-2.471312042749439,-0.6925285743617238,0.6077575162476965,36.87362837791443
ei,,3,1,18,-2.471312042749439,-0.7039415031031098,0.6085823376622361,36.87362837791443
ei,,3,1,19,-2.471312042749439,-0.8064731652838901,0.6075452328244904,36.87362837791443
ei,,3,1,20,-2.471312042749439,-0.9021406847031059,0.6596830747636666,36.87362837791443
ei,,3,1,21,-2.471312042749439,-0.8875990982416546,0.6557538806091117,36.87362837791443
ei,,3,1,22,-2.471312042749439,-0.7676580014491172,0.41346252016389684,36.87362837791443
ei,,3,1,23,-2.471312042749439,-0.5759534790954071,0.38301040583733226,36.87362837791443
ei,,3,1,24,-2.471312042749439,-0.5208184305586663,0.3797858953580544,36.87362837791443
ei,,3,1,25,-2.471312042749439,1.2040609807293343,0.12632556117723226,36.87362837791443
ei,,3,1,26,-2.471312042749439,1.154611023513059,0.11244805347353548,36.87362837791443
ei,,3,1,27,-2.471312042749439,1.12294056037452,0.11724226776431479,36.87362837791443
ei,,3,1,28,-2.471312042749439,1.1202394603759949,0.11324269076225946,36.87362837791443
ei,,3,1,29,-2.471312042749439,1.119479538416286,0.10670008825037058,36.87362837791443
ei,,3,1,30,-2.471312042749439,1.1625469414199472,0.09006854634768935,36.87362837791443
ei,,3,2,1,3.6762179239130788,3.7160355138640426,2.627702020752494,37.44023251533508
ei,,3,2,2,3.6762179239130788,-1.596669433388918,13.002622475877,37.44023251533508
ei,,3,2,3,3.6762179239130788,3.3492898575214696,3.8135506492391613,37.44023251533508
ei,,3,2,4,2.5287065688321664,3.384469657549637,3.8327928418544257,37.44023251533508
ei,,3,2,5,2.5287065688321664,3.425398095326152,3.8454120573882538,37.44023251533508
ei,,3,2,6,2.5287065688321664,3.4680592276520343,3.846841241885709,37.44023251533508
ei,,3,2,7,2.5115271797804364,3.356949401876257,0.4048281773224538,37.44023251533508
ei,,3,2,8,2.5115271797804364,2.8422697545158897,0.3387027620707084,37.44023251533508
ei,,3,2,9,2.5115271797804364,3.5313712554584242,3.1118573901125055,37.44023251533508
ei,,3,2,10,2.5115271797804364,3.568406221993996,2.9723618291836766,37.44023251533508
ei,,3,2,11,0.7766562277411385,3.4860554825857335,2.8725333179821053,37.44023251533508
ei,,3,2,12,0.7766562277411385,2.29116620589366,0.2735652815696401,37.44023251533508
ei,,3,2,13,0.7766562277411385,2.385473914835508,0.3248036181393381,37.44023251533508
ei,,3,2,14,0.7766562277411385,2.6200143502811457,0.23298239529021636,37.44023251533508
ei,,3,2,15,0.7766562277411385,3.1951166272909006,0.13013538330928576,37.44023251533508
ei,,3,2,16,0.7766562277411385,2.834444897346387,0.13404604563618427,37.44023251533508
ei,,3,2,17,0.7766562277411385,2.8885653978791765,0.13192888557453308,37.44023251533508
ei,,3,2,18,0.7766562277411385,2.860660586865663,0.13193098212696874,37.44023251533508
ei,,3,2,19,-0.5107886422436615,1.928500717012863,0.4205863119091209,37.44023251533508
ei,,3,2,20,-0.5107886422436615,1.0200686273992652,0.5238743962743548,37.44023251533508
ei,,3,2,21,-0.5107886422436615,1.0241718918782219,0.4196722808750142,37.44023251533508
ei,,3,2,22,-0.5107886422436615,2.911868725994765,0.225898079600233,37.44023251533508
ei,,3,2,23,-0.5107886422436615,0.6002729566907696,0.003113677844551077,37.44023251533508
ei,,3,2,24,-0.5107886422436615,0.5620625865699189,0.003943145259768244,37.44023251533508
ei,,3,2,25,-0.5107886422436615,0.5714223045634341,0.0038553655824475896,37.44023251533508
ei,,3,2,26,-0.5107886422436615,0.6108637324825175,0.003856789678334138,37.44023251533508
ei,,3,2,27,-0.5107886422436615,0.5586832522823286,0.009625283618591496,37.44023251533508
ei,,3,2,28,-0.5107886422436615,0.5566399559506472,0.015352768707751707,37.44023251533508
ei,,3,2,29,-0.5107886422436615,0.5515043858615911,0.016815039539000765,37.44023251533508
ei,,3,2,30,-4.433332193566919,0.5482586245969294,0.016936900822001277,37.44023251533508
ei,,5,1,1,3.3890352727058697,3.5373613694414345,2.552055785233059,36.8912308216095
ei,,5,1,2,3.3890352727058697,-1.968830194149625,12.242627521907055,36.8912308216095
ei,,5,1,3,3.3890352727058697,3.2140779146048644,3.843616931880857,36.8912308216095
ei,,5,1,4,-2.8644245847269483,3.3401334566703795,3.8728280980676875,36.8912308216095
ei,,5,1,5,-2.8644245847269483,-1.8633058088535464,0.6424488548052718,36.8912308216095
ei,,5,1,6,-2.8644245847269483,-1.5292688945623354,1.9868800469557009,36.8912308216095
ei,,5,1,7,-2.8644245847269483,-1.3605979272638535,2.3779098901857036,36.8912308216095
ei,,5,1,8,-2.8644245847269483,0.35296615119327157,0.5908882443906158,36.8912308216095
ei,,5,1,9,-2.8644245847269483,0.3299949711084693,1.4787883009926563,36.8912308216095
ei,,5,1,10,-2.8644245847269483,0.7537495792432267,0.5435675679887044,36.8912308216095
ei,,5,1,11,-2.8644245847269483,0.3128383272575803,0.1947508349702165,36.8912308216095
ei,,5,1,12,-2.8644245847269483,0.36542624572420834,0.224462787123219,36.8912308216095
ei,,5,1,13,-2.8644245847269483,-6.773553372419251,4.437755440318139,36.8912308216095
ei,,5,1,14,-2.8644245847269483,0.6274183279061205,0.15295367523990677,36.8912308216095
ei,,5,1,15,-2.8644245847269483,-2.596511393665139,29.60999750662171,36.8912308216095
ei,,5,1,16,-2.8644245847269483,-0.10546222847034414,0.2170348643976876,36.8912308216095
ei,,5,1,17,-2.8644245847269483,-0.17136444313577215,0.2402060186465249,36.8912308216095
ei,,5,1,18,-2.8644245847269483,-0.1759024246888501,0.241891550586816,36.8912308216095
ei,,5,1,19,-2.8644245847269483,-0.18288877930401526,0.2505410013360603,36.8912308216095
ei,,5,1,20,-2.8644245847269483,-0.4181056188436614,0.2643230640040404,36.8912308216095
ei,,5,1,21,-2.8644245847269483,-0.4695288583058215,0.2887689693189657,36.8912308216095
ei,,5,1,22,-2.8644245847269483,-0.24620532275805118,0.27406296154728693,36.8912308216095
ei,,5,1,23,-2.8644245847269483,0.07554720780380819,0.18784725284646342,36.8912308216095
ei,,5,1,24,-2.8644245847269483,0.08886935086617598,0.1844716810857605,36.8912308216095
ei,,5,1,25,-2.8644245847269483,0.10336827024558204,0.18087490075537715,36.8912308216095
ei,,5,1,26,-2.8644245847269483,-0.01305444374714071,0.1780086900804907,36.8912308216095
ei,,5,1,27,-2.8644245847269483,0.06036556291578421,0.13956662815452425,36.8912308216095
ei,,5,1,28,-2.8644245847269483,0.02179162644689825,0.13517351533234567,36.8912308216095
ei,,5,1,29,-3.837247907130083,0.46512559844374124,0.13084313139147596,36.8912308216095
ei,,5,1,30,-3.837247907130083,0.28851155466834655,0.14116831664244245,36.8912308216095
ei,,5,2,1,2.7369781424392583,2.857273954717094,2.6277358745941957,38.12256145477295
ei,,5,2,2,2.7369781424392583,-2.6028298563985928,12.83027895813142,38.12256145477295
ei,,5,2,3,2.7369781424392583,2.687030749916836,3.6380718899307505,38.12256145477295
ei,,5,2,4,2.7369781424392583,2.7849298088584504,3.6604586471954095,38.12256145477295
ei,,5,2,5,2.7369781424392583,2.8915433274627844,3.677165568580042,38.12256145477295
ei,,5,2,6,2.7369781424392583,3.0010654832471886,3.6851104569535664,38.12256145477295
ei,,5,2,7,2.7369781424392583,3.1180070824149695,3.688766432134864,38.12256145477295
ei,,5,2,8,-0.5765304990294906,2.280910013651031,10.095225055160975,38.12256145477295
ei,,5,2,9,-0.5765304990294906,0.04719374139369137,0.496878935400737,38.12256145477295
ei,,5,2,10,-0.5765304990294906,0.05933372571512763,0.46239529266884993,38.12256145477295
ei,,5,2,11,-0.5765304990294906,0.13218775884999445,0.37762514895817567,38.12256145477295
ei,,5,2,12,-0.5765304990294906,0.14020977418716285,0.16342210019788617,38.12256145477295
ei,,5,2,13,-0.5765304990294906,-4.117712971965652,27.3777813476189,38.12256145477295
ei,,5,2,14,-0.5765304990294906,0.3368223644415522,0.22359204827192514,38.12256145477295
ei,,5,2,15,-0.5765304990294906,-0.31374643873810726,0.004795532241391953,38.12256145477295
ei,,5,2,16,-0.5765304990294906,-0.3308426217481113,0.004415084932164248,38.12256145477295
ei,,5,2,17,-0.5765304990294906,-0.31101723001698645,0.005235350880505862,38.12256145477295
ei,,5,2,18,-0.5765304990294906,-0.3077788018456431,0.0052206900879152585,38.12256145477295
ei,,5,2,19,-0.5765304990294906,-0.326974910433492,0.004976199551371963,38.12256145477295
ei,,5,2,20,-0.5765304990294906,-0.3294590441146781,0.004925978306239642,38.12256145477295
ei,,5,2,21,-0.5769736680911685,-0.33057919364260613,0.004889908411353616,38.12256145477295
ei,,5,2,22,-0.5769736680911685,-0.12439836949900851,0.0006959142205396063,38.12256145477295
ei,,5,2,23,-0.5769736680911685,-0.4345872550928007,0.0022890605656211704,38.12256145477295
ei,,5,2,24,-0.5769736680911685,-0.4408143049829647,0.0022521966891666523,38.12256145477295
ei,,5,2,25,-0.6270720269846528,-0.44439770435066706,0.0024941498347583746,38.12256145477295
ei,,5,2,26,-0.6270720269846528,-0.4452867548430852,0.002546482222468782,38.12256145477295
ei,,5,2,27,-0.6270720269846528,-0.44377391781110376,0.0024718672499375316,38.12256145477295
ei,,5,2,28,-0.6270720269846528,0.0007621781605777755,0.006322536310017668,38.12256145477295
ei,,5,2,29,-3.7285758319646285,-0.00011644290228218779,0.006328968926544221,38.12256145477295
ei,,5,2,30,-3.7285758319646285,0.004179809906705856,0.006275173097108677,38.12256145477295
ei,,10,1,1,3.0859138046909957,3.1535095183920276,2.5520569465162266,36.19620966911316
ei,,10,1,2,3.0859138046909957,-2.1978172943926353,12.52418389634998,36.19620966911316
ei,,10,1,3,3.0859138046909957,2.797575640337186,3.700050335377445,36.19620966911316
ei,,10,1,4,1.1795728796560767,2.849561686578113,3.7304154076357845,36.19620966911316
ei,,10,1,5,1.1795728796560767,2.066444141314264,0.2426630044752489,36.19620966911316
ei,,10,1,6,1.1795728796560767,2.3242164906355427,0.34047904350191693,36.19620966911316
ei,,10,1,7,1.1795728796560767,2.5396754243553374,0.4396270489318628,36.19620966911316
ei,,10,1,8,0.8663600137990223,1.2797170390419765,0.12991938577249051,36.19620966911316
ei,,10,1,9,0.8663600137990223,0.8303194539319634,0.12983911360198697,36.19620966911316
ei,,10,1,10,0.516297933110364,0.8165912335546466,0.13259815501042027,36.19620966911316
ei,,10,1,11,0.516297933110364,-9.261860233770825,3.625029897385904,36.19620966911316
ei,,10,1,12,0.516297933110364,0.3140332664527321,0.9177452931619161,36.19620966911316
ei,,10,1,13,0.516297933110364,0.5433155601063859,0.2667448184815271,36.19620966911316
ei,,10,1,14,0.516297933110364,-6.399930520930255,29.356714778580958,36.19620966911316
ei,,10,1,15,-3.0089013392804067,-0.3105444542017608,0.010302077170100787,36.19620966911316
ei,,10,1,16,-3.0089013392804067,-0.27858227061770435,0.00899503940780555,36.19620966911316
ei,,10,1,17,-3.0089013392804067,-0.33839530525676764,0.014793050290844434,36.19620966911316
ei,,10,1,18,-3.0089013392804067,-0.33694380939919455,0.01491062852956837,36.19620966911316
ei,,10,1,19,-3.0089013392804067,-0.3510440477993413,0.015981052721427247,36.19620966911316
ei,,10,1,20,-3.0089013392804067,0.053158017509616684,0.0010668819438777177,36.19620966911316
ei,,10,1,21,-3.0089013392804067,0.013443304726465044,0.002399741026119173,36.19620966911316
ei,,10,1,22,-3.0089013392804067,0.007432422402729344,0.002775767643514726,36.19620966911316
ei,,10,1,23,-3.0089013392804067,0.0024356864667538503,0.0029922501930474965,36.19620966911316
ei,,10,1,24,-3.0089013392804067,-0.005409081253866077,0.0033841315637825886,36.19620966911316
ei,,10,1,25,-3.0089013392804067,-0.040427065722713706,0.00559031871012472,36.19620966911316
ei,,10,1,26,-3.0089013392804067,-0.036155221340425925,0.006488381530777687,36.19620966911316
ei,,10,1,27,-3.0089013392804067,-0.028845996316597677,0.006096920917673998,36.19620966911316
ei,,10,1,28,-3.0089013392804067,-0.039027519068724814,0.006664322964264002,36.19620966911316
ei,,10,1,29,-3.0089013392804067,-0.03899430505449786,0.006688923023478566,36.19620966911316
ei,,10,1,30,-3.0089013392804067,-0.04030558381222704,0.006770195697852088,36.19620966911316
ei,,10,2,1,2.607794816599945,2.642487208772529,2.6277148017378265,38.81939220428467
ei,,10,2,2,2.607794816599945,-2.5113705888483153,12.9401720428308,38.81939220428467
ei,,10,2,3,2.607794816599945,2.2942286133909278,3.769715941083291,38.81939220428467
ei,,10,2,4,2.607794816599945,2.316499593025206,3.8001493251557816,38.81939220428467
ei,,10,2,5,2.607794816599945,2.3431075123740612,3.8250660729240646,38.81939220428467
ei,,10,2,6,2.607794816599945,2.374245593148217,3.8389356729284403,38.81939220428467
ei,,10,2,7,2.607794816599945,2.566365442201608,2.867900699390412,38.81939220428467
ei,,10,2,8,2.607794816599945,2.5792427971267884,2.7572855069957,38.81939220428467
ei,,10,2,9,1.6514703248662947,2.5121993698946596,2.6675028293464313,38.81939220428467
ei,,10,2,10,0.3132849962123984,2.5126282156462167,2.745820295886759,38.81939220428467
ei,,10,2,11,0.3132849962123984,2.0167418984154395,0.9802969935431651,38.81939220428467
ei,,10,2,12,0.3132849962123984,2.4916306924565745,2.813780423145573,38.81939220428467
ei,,10,2,13,0.3132849962123984,2.469745639018747,2.843671205806343,38.81939220428467
ei,,10,2,14,0.3132849962123984,2.2677697421417875,2.337282664114144,38.81939220428467
ei,,10,2,15,0.3132849962123984,2.264485070036443,2.3373865038724935,38.81939220428467
ei,,10,2,16,0.3132849962123984,2.2686769159807127,2.3377400554526346,38.81939220428467
ei,,10,2,17,0.3132849962123984,2.270619944082455,2.3378877459768415,38.81939220428467
ei,,10,2,18,0.3132849962123984,2.225666749221311,0.1380332808498288,38.81939220428467
ei,,10,2,19,-2.0839536435766512,2.1958464169576217,0.14370399066688933,38.81939220428467
ei,,10,2,20,-2.0839536435766512,1.7090337509889473,0.13172675862530525,38.81939220428467
ei,,10,2,21,-2.0839536435766512,1.725157320457125,0.1307800181400438,38.81939220428467
ei,,10,2,22,-2.0839536435766512,1.6048574350436517,0.17783185108798172,38.81939220428467
ei,,10,2,23,-2.0839536435766512,1.5394287362159815,0.15009495705731446,38.81939220428467
ei,,10,2,24,-2.0839536435766512,0.12133823005379085,0.019285182553307578,38.81939220428467
ei,,10,2,25,-2.0839536435766512,-0.07492853379520525,0.03630255267986193,38.81939220428467
ei,,10,2,26,-2.0839536435766512,-0.0756114251031299,0.03645351035150313,38.81939220428467
ei,,10,2,27,-2.0839536435766512,-0.07287008652202331,0.03637779873248803,38.81939220428467
ei,,10,2,28,-2.0839536435766512,-0.08294874716371581,0.03938885523146496,38.81939220428467
ei,,10,2,29,-2.0839536435766512,-0.0807189830382562,0.03954965256104259,38.81939220428467
ei,,10,2,30,-2.0839536435766512,-0.07954064788998139,0.039567740238769744,38.81939220428467
haei,1.0,3,1,1,3.1171012791243897,3.1712107561879535,2.5520521896890997,35.626211404800415
haei,1.0,3,1,2,3.1171012791243897,-1.976045151529057,12.17234643806207,35.626211404800415
haei,1.0,3,1,3,3.1171012791243897,2.725296527516818,3.8223072872219275,35.626211404800415
haei,1.0,3,1,4,3.1171012791243897,2.773888955538702,3.840707340680825,35.626211404800415
haei,1.0,3,1,5,3.1171012791243897,2.824048015454629,3.850088171624808,35.626211404800415
haei,1.0,3,1,6,3.1171012791243897,2.885632811470032,3.8507786587965835,35.626211404800415
haei,1.0,3,1,7,3.1171012791243897,2.9544981637914276,3.8425127297227553,35.626211404800415
haei,1.0,3,1,8,3.1171012791243897,0.8274105892408627,10.013670876010352,35.626211404800415
haei,1.0,3,1,9,3.1171012791243897,0.8421027086220647,9.99752830084199,35.626211404800415
haei,1.0,3,1,10,-0.3284272035793629,0.9438954436322646,10.01231484546788,35.626211404800415
haei,1.0,3,1,11,-0.3284272035793629,-0.17716737607000255,1.4869832385855002,35.626211404800415
haei,1.0,3,1,12,-0.3284272035793629,0.10094597121177884,2.4839558348834796,35.626211404800415
haei,1.0,3,1,13,-0.3284272035793629,-4.3503896022060005,0.045794358281716185,35.626211404800415
haei,1.0,3,1,14,-0.3284272035793629,-2.577106674875914,0.008133247292024137,35.626211404800415
haei,1.0,3,1,15,-0.3284272035793629,-0.7603058045192981,0.019290128017658503,35.626211404800415
haei,1.0,3,1,16,-0.3284272035793629,-0.8434315204480143,0.021537628151859778,35.626211404800415
haei,1.0,3,1,17,-0.7003758400443784,-0.8421476349350385,0.02010188531616741,35.626211404800415
haei,1.0,3,1,18,-0.7003758400443784,-0.8581506905981655,0.020256042625236503,35.626211404800415
haei,1.0,3,1,19,-0.7003758400443784,-0.1431988301982372,0.03225031464271133,35.626211404800415
haei,1.0,3,1,20,-0.7003758400443784,-0.14217110957972068,0.031823772603411626,35.626211404800415
haei,1.0,3,1,21,-0.7003758400443784,-0.13598984107098033,0.03197517601272715,35.626211404800415
haei,1.0,3,1,22,-0.7003758400443784,-0.13564323531271327,0.03183289762140973,35.626211404800415
haei,1.0,3,1,23,-0.7003758400443784,-0.13356897758066566,0.031105844798325677,35.626211404800415
haei,1.0,3,1,24,-0.7003758400443784,-0.09529662630850311,0.019506142032645002,35.626211404800415
haei,1.0,3,1,25,-0.7003758400443784,-0.0914993209954531,0.01563546891702572,35.626211404800415
haei,1.0,3,1,26,-0.7003758400443784,-0.08951022227867966,0.014559612993899407,35.626211404800415
haei,1.0,3,1,27,-0.7003758400443784,-0.08074883282051104,0.011230239796743646,35.626211404800415
haei,1.0,3,1,28,-0.7003758400443784,0.04754014481103397,0.013283789078013086,35.626211404800415
haei,1.0,3,1,29,-0.7003758400443784,0.04820912608733963,0.01314342648894673,35.626211404800415
haei,1.0,3,1,30,-0.7003758400443784,0.049753775939958444,0.008600056018048363,35.626211404800415
haei,1.0,3,2,1,3.6762179239130788,3.7160355138640426,2.6277020205905917,38.632686138153076
haei,1.0,3,2,2,3.6762179239130788,-1.5824104224861202,12.776649553366719,38.632686138153076
haei,1.0,3,2,3,3.6762179239130788,3.2935506613722083,3.901650345042338,38.632686138153076
haei,1.0,3,2,4,3.6762179239130788,2.068057271685248,9.58378122484803,38.632686138153076
haei,1.0,3,2,5,3.6762179239130788,3.2883720760978434,3.7914843282425306,38.632686138153076
haei,1.0,3,2,6,3.6762179239130788,3.286687066887204,3.828848809088198,38.632686138153076
haei,1.0,3,2,7,3.6762179239130788,3.645434330513524,2.4582325905056175,38.632686138153076
haei,1.0,3,2,8,3.6762179239130788,3.41258510980245,2.3532138954996817,38.632686138153076
haei,1.0,3,2,9,3.6762179239130788,3.5652758336005945,2.410385978544248,38.632686138153076
haei,1.0,3,2,10,3.6762179239130788,3.481781550489778,2.3823676116213637,38.632686138153076
haei,1.0,3,2,11,3.1537692697488384,3.5606458363485842,2.449130728620716,38.632686138153076
haei,1.0,3,2,12,3.1537692697488384,3.545652923043569,2.4622484237676785,38.632686138153076
haei,1.0,3,2,13,2.4090665593919134,3.5367504568617463,2.4241822771883292,38.632686138153076
haei,1.0,3,2,14,2.4090665593919134,2.688051135920581,1.9459401171287256,38.632686138153076
haei,1.0,3,2,15,2.4090665593919134,2.616601419155721,1.4682372489669078,38.632686138153076
haei,1.0,3,2,16,1.4171222157704415,2.6042462372698907,1.4369683874680277,38.632686138153076
haei,1.0,3,2,17,1.4171222157704415,1.461605696936516,1.0182356199260933,38.632686138153076
haei,1.0,3,2,18,0.6475940991998524,1.546033681377338,0.2729834481829432,38.632686138153076
haei,1.0,3,2,19,0.6475940991998524,0.49983938093837565,0.005115417842041836,38.632686138153076
haei,1.0,3,2,20,0.6475940991998524,0.461023666391533,0.006312880588938086,38.632686138153076
haei,1.0,3,2,21,0.6475940991998524,0.4769616324046737,0.0024997600362315353,38.632686138153076
haei,1.0,3,2,22,0.6475940991998524,0.846316517092724,0.00040270548826626396,38.632686138153076
haei,1.0,3,2,23,0.6475940991998524,0.8409045137351931,0.0007018422191560347,38.632686138153076
haei,1.0,3,2,24,0.13647614607396777,0.8484670527053311,0.00016734226414172326,38.632686138153076
haei,1.0,3,2,25,0.13647614607396777,0.6989012615662986,0.019095880849478775,38.632686138153076
haei,1.0,3,2,26,0.13647614607396777,0.6991801796397326,0.019167907920442318,38.632686138153076
haei,1.0,3,2,27,0.13647614607396777,0.6617483433323166,0.027546294228507406,38.632686138153076
haei,1.0,3,2,28,-0.17543521319450758,0.6609423011760036,0.027840628380698007,38.632686138153076
haei,1.0,3,2,29,-0.17543521319450758,0.36507810710406474,0.11364498604219442,38.632686138153076
haei,1.0,3,2,30,-4.433332193566919,0.3649882280302279,0.11323350953213485,38.632686138153076
haei,1.0,5,1,1,3.3890352727058697,3.5373613694414274,2.552055761845298,36.24930119514465
haei,1.0,5,1,2,3.3890352727058697,-1.0851677727840396,12.077308773290069,36.24930119514465
haei,1.0,5,1,3,3.3890352727058697,-6.267867588872463,37.47823891301278,36.24930119514465
haei,1.0,5,1,4,3.3890352727058697,-10.106724410781695,63.12673540279903,36.24930119514465
haei,1.0,5,1,5,3.3890352727058697,-13.451276321040801,63.91679156778711,36.24930119514465
haei,1.0,5,1,6,3.3890352727058697,-15.52178335424145,63.91679156778711,36.24930119514465
haei,1.0,5,1,7,3.3890352727058697,-3.212198278385415,11.781321852106684,36.24930119514465
haei,1.0,5,1,8,3.3890352727058697,2.949578719161586,2.356522401114095,36.24930119514465
haei,1.0,5,1,9,3.3890352727058697,2.94384738263269,2.3560595905035546,36.24930119514465
haei,1.0,5,1,10,2.8956012595163605,2.772878414873553,2.4099665181635954,36.24930119514465
haei,1.0,5,1,11,2.8956012595163605,0.47206047577395793,0.012451603119929544,36.24930119514465
haei,1.0,5,1,12,2.8956012595163605,0.12475816779402038,0.008829160326591534,36.24930119514465
haei,1.0,5,1,13,2.8956012595163605,0.3184358622242627,0.010768454727246635,36.24930119514465
haei,1.0,5,1,14,2.8956012595163605,0.11771220335020871,0.008114967103974635,36.24930119514465
haei,1.0,5,1,15,0.13557056769059966,0.03123220552304673,0.007830270997938982,36.24930119514465
haei,1.0,5,1,16,-0.530166840827562,0.056041105929303114,0.006633563635766393,36.24930119514465
haei,1.0,5,1,17,-0.530166840827562,0.07585850951816298,0.00746757405110543,36.24930119514465
haei,1.0,5,1,18,-1.070330703074912,0.06404308592294683,0.007821142673758885,36.24930119514465
haei,1.0,5,1,19,-1.070330703074912,0.0760453541970918,0.008191139556300797,36.24930119514465
haei,1.0,5,1,20,-1.070330703074912,0.08374184416994979,0.008425823735967342,36.24930119514465
haei,1.0,5,1,21,-1.070330703074912,0.02548773059931264,0.012229029976703387,36.24930119514465
haei,1.0,5,1,22,-1.070330703074912,0.019561906689684605,0.011721423423908917,36.24930119514465
haei,1.0,5,1,23,-1.070330703074912,0.017049753140305768,0.012125868621605917,36.24930119514465
haei,1.0,5,1,24,-1.070330703074912,0.01654997074704312,0.012316234732745457,36.24930119514465
haei,1.0,5,1,25,-1.070330703074912,-0.008641363223333087,0.013520085582628738,36.24930119514465
haei,1.0,5,1,26,-1.070330703074912,0.16683580711013946,0.012317656560872692,36.24930119514465
haei,1.0,5,1,27,-1.070330703074912,0.16771968439845253,0.011878775623797466,36.24930119514465
haei,1.0,5,1,28,-1.070330703074912,0.16005912775545283,0.013187508978932172,36.24930119514465
haei,1.0,5,1,29,-3.837247907130083,0.16018237214663245,0.012969090444267195,36.24930119514465
haei,1.0,5,1,30,-3.837247907130083,0.1626915089456631,0.012646373331822502,36.24930119514465
haei,1.0,5,2,1,2.7369781424392583,2.857273954717101,2.627735823831305,36.144853830337524
haei,1.0,5,2,2,2.7369781424392583,-1.8952022734390042,11.277754865403116,36.144853830337524
haei,1.0,5,2,3,2.7369781424392583,2.4110245761298756,3.6926779997401127,36.144853830337524
haei,1.0,5,2,4,2.7369781424392583,2.2889397971120147,3.771289050349224,36.144853830337524
haei,1.0,5,2,5,2.7369781424392583,2.7284580926375313,3.5454599682732937,36.144853830337524
haei,1.0,5,2,6,2.314619419702992,2.865937330563355,3.553622078067968,36.144853830337524
haei,1.0,5,2,7,2.314619419702992,2.9774758406843276,3.5836930328053143,36.144853830337524
haei,1.0,5,2,8,-0.03894152355845968,3.068262325127648,3.633683140492172,36.144853830337524
haei,1.0,5,2,9,-0.03894152355845968,-0.20464366654533706,0.13226510969865046,36.144853830337524
haei,1.0,5,2,10,-0.03894152355845968,-0.7653132687388577,0.15666100458089183,36.144853830337524
haei,1.0,5,2,11,-0.03894152355845968,-0.1033605866693037,0.13278937217685005,36.144853830337524
haei,1.0,5,2,12,-0.03894152355845968,-0.1237469050777662,0.1863395493144253,36.144853830337524
haei,1.0,5,2,13,-0.03894152355845968,-0.38783650148766924,0.13306186012293608,36.144853830337524
haei,1.0,5,2,14,-0.03894152355845968,-0.6232527059985031,0.1613021220001407,36.144853830337524
haei,1.0,5,2,15,-0.03894152355845968,-0.8014064306599451,0.1753737458909903,36.144853830337524
haei,1.0,5,2,16,-0.042480222716336155,-0.39607191487962723,0.13254084441795122,36.144853830337524
haei,1.0,5,2,17,-0.042480222716336155,-0.4157682471922186,0.13290508276379676,36.144853830337524
haei,1.0,5,2,18,-0.042480222716336155,-0.35890091700019866,0.20502988822960333,36.144853830337524
haei,1.0,5,2,19,-0.042480222716336155,-0.2239981405904885,0.16082806675770733,36.144853830337524
haei,1.0,5,2,20,-0.042480222716336155,-0.1333957245753865,0.16555013657698936,36.144853830337524
haei,1.0,5,2,21,-4.8629547303056935,-0.11943050495561636,0.165439937374515,36.144853830337524
haei,1.0,5,2,22,-4.8629547303056935,-0.6643432544386911,0.14360261345661307,36.144853830337524
haei,1.0,5,2,23,-4.8629547303056935,-0.7005536733915605,0.14234176112703167,36.144853830337524
haei,1.0,5,2,24,-4.8629547303056935,-0.44719052116884583,0.13213085931991309,36.144853830337524
haei,1.0,5,2,25,-4.8629547303056935,-0.4869962631523883,0.1415726860150599,36.144853830337524
haei,1.0,5,2,26,-4.8629547303056935,-0.6003323071469211,0.14429004753815633,36.144853830337524
haei,1.0,5,2,27,-4.8629547303056935,-0.37768119057250615,0.1390909736346213,36.144853830337524
haei,1.0,5,2,28,-4.8629547303056935,-0.36502642825125164,0.14083854772946403,36.144853830337524
haei,1.0,5,2,29,-4.8629547303056935,-0.37295276967994084,0.1408574098278681,36.144853830337524
haei,1.0,5,2,30,-4.8629547303056935,-0.38298560238487767,0.13935455231523264,36.144853830337524
haei,1.0,10,1,1,3.0859138046909957,3.1535095183920347,2.55205693038838,33.757575035095215
haei,1.0,10,1,2,3.0859138046909957,-2.1622264117046868,12.221109345298709,33.757575035095215
haei,1.0,10,1,3,3.0859138046909957,2.6996155040133303,3.8425400873437274,33.757575035095215
haei,1.0,10,1,4,3.0859138046909957,2.747486756914128,3.8790790681765825,33.757575035095215
haei,1.0,10,1,5,3.0859138046909957,2.7968708818216896,3.905878415155229,33.757575035095215
haei,1.0,10,1,6,3.0859138046909957,2.8590551932928108,3.9268687682261305,33.757575035095215
haei,1.0,10,1,7,3.0859138046909957,2.927122395792942,3.9383050052677167,33.757575035095215
haei,1.0,10,1,8,3.0859138046909957,1.193241536449598,10.255634758583591,33.757575035095215
haei,1.0,10,1,9,3.0859138046909957,1.3146099205236865,10.27521550506477,33.757575035095215
haei,1.0,10,1,10,-0.024731152534469024,1.279626409955874,10.250394376185668,33.757575035095215
haei,1.0,10,1,11,-0.024731152534469024,0.9387198565856067,0.9860274411624221,33.757575035095215
haei,1.0,10,1,12,-0.024731152534469024,1.5488876287851099,10.301632924521646,33.757575035095215
haei,1.0,10,1,13,-0.024731152534469024,-6.20258931220863,0.044632222996044746,33.757575035095215
haei,1.0,10,1,14,-0.024731152534469024,-3.7113126666366085,0.0021907675427410567,33.757575035095215
haei,1.0,10,1,15,-3.185591322345702,-0.0016287921416662243,0.02439182342306445,33.757575035095215
haei,1.0,10,1,16,-3.185591322345702,-2.2053467495827093,0.1315482954501448,33.757575035095215
haei,1.0,10,1,17,-3.185591322345702,-2.308865852759844,0.13500229919325513,33.757575035095215
haei,1.0,10,1,18,-3.185591322345702,-2.091244371126507,0.1301684321683716,33.757575035095215
haei,1.0,10,1,19,-3.185591322345702,-0.9079149415829235,0.15817351789815604,33.757575035095215
haei,1.0,10,1,20,-3.185591322345702,-0.934223732179646,0.16426214166062714,33.757575035095215
haei,1.0,10,1,21,-3.185591322345702,-0.18894524466126938,0.03162074778705737,33.757575035095215
haei,1.0,10,1,22,-3.185591322345702,-0.183479082985194,0.03187358915928229,33.757575035095215
haei,1.0,10,1,23,-3.185591322345702,-0.2191714205065054,0.029751771561647544,33.757575035095215
haei,1.0,10,1,24,-3.185591322345702,-0.2255318717157877,0.02922473872618525,33.757575035095215
haei,1.0,10,1,25,-3.185591322345702,-0.22645930600543096,0.029171454186618817,33.757575035095215
haei,1.0,10,1,26,-3.185591322345702,-0.23235466142226358,0.020157698645018485,33.757575035095215
haei,1.0,10,1,27,-3.185591322345702,-0.23464140617548424,0.020289641934937208,33.757575035095215
haei,1.0,10,1,28,-3.185591322345702,-0.23150482873569445,0.020016918666351913,33.757575035095215
haei,1.0,10,1,29,-3.185591322345702,-0.230783457915269,0.019933263361041398,33.757575035095215
haei,1.0,10,1,30,-3.185591322345702,-0.23446608699591565,0.01876893094505583,33.757575035095215
haei,1.0,10,2,1,2.607794816599945,2.642487208772536,2.6277148436325755,37.761290073394775
haei,1.0,10,2,2,2.607794816599945,-2.511971818700381,12.75419372758452,37.761290073394775
haei,1.0,10,2,3,2.607794816599945,2.234166459227268,3.8711419205162727,37.761290073394775
haei,1.0,10,2,4,2.607794816599945,1.1413525122209833,9.638183357309583,37.761290073394775
haei,1.0,10,2,5,2.607794816599945,2.2553736561105424,3.7208468477456753,37.761290073394775
haei,1.0,10,2,6,2.607794816599945,2.2455917086758106,3.7664510001070965,37.761290073394775
haei,1.0,10,2,7,2.607794816599945,2.546817462378293,2.4292924283732997,37.761290073394775
haei,1.0,10,2,8,2.607794816599945,2.127486341602939,2.3273237068418675,37.761290073394775
haei,1.0,10,2,9,2.607794816599945,2.356835328083072,2.354522900272695,37.761290073394775
haei,1.0,10,2,10,-0.43979564394841164,2.169485864650426,2.3300107231979315,37.761290073394775
haei,1.0,10,2,11,-0.43979564394841164,0.2134835614378474,0.1308877797554615,37.761290073394775
haei,1.0,10,2,12,-0.43979564394841164,1.0939644953352001,0.14664193965640315,37.761290073394775
haei,1.0,10,2,13,-0.43979564394841164,1.14131314908024,0.14157962857633244,37.761290073394775
haei,1.0,10,2,14,-0.43979564394841164,0.8850101962436909,0.15363005037310096,37.761290073394775
haei,1.0,10,2,15,-0.43979564394841164,1.0545512623981068,0.1628352395807724,37.761290073394775
haei,1.0,10,2,16,-0.43979564394841164,1.033344779525443,0.19088159438092056,37.761290073394775
haei,1.0,10,2,17,-0.43979564394841164,0.8284390571537372,0.04310022534946789,37.761290073394775
haei,1.0,10,2,18,-0.43979564394841164,0.614934944342302,0.04645690783699763,37.761290073394775
haei,1.0,10,2,19,-0.801160533420455,0.6170133415880414,0.04594710936439306,37.761290073394775
haei,1.0,10,2,20,-0.801160533420455,0.6093096298532288,0.046362118724644574,37.761290073394775
haei,1.0,10,2,21,-0.801160533420455,0.6429944408538759,0.04374002294926349,37.761290073394775
haei,1.0,10,2,22,-0.801160533420455,0.6829513424228786,0.03840740779940788,37.761290073394775
haei,1.0,10,2,23,-0.801160533420455,0.6900898744240962,0.03759689254380483,37.761290073394775
haei,1.0,10,2,24,-0.801160533420455,0.6294466200374629,0.014209501976234051,37.761290073394775
haei,1.0,10,2,25,-0.801160533420455,0.6285628572473065,0.013903749017115885,37.761290073394775
haei,1.0,10,2,26,-0.801160533420455,0.6285244966478842,0.013845346845750228,37.761290073394775
haei,1.0,10,2,27,-0.801160533420455,0.6383206740118048,0.01367726415638515,37.761290073394775
haei,1.0,10,2,28,-0.801160533420455,0.6380701570499951,0.01344223982766124,37.761290073394775
haei,1.0,10,2,29,-0.801160533420455,0.637955745186062,0.013388115298273107,37.761290073394775
haei,1.0,10,2,30,-0.801160533420455,0.6380827344619568,0.013334043107835925,37.761290073394775
lcb,,3,1,1,3.1171012791243897,3.171210756187982,2.5520523242182325,33.23697566986084
lcb,,3,1,2,3.1171012791243897,1.9826023230278693,4.261117171011996,33.23697566986084
lcb,,3,1,3,3.1171012791243897,2.1316637207874436,4.262110403490102,33.23697566986084
lcb,,3,1,4,3.1171012791243897,2.226842885864933,4.240644995093177,33.23697566986084
lcb,,3,1,5,3.1171012791243897,2.301384161474118,4.221955773324286,33.23697566986084
lcb,,3,1,6,3.1171012791243897,2.341474837713278,4.212389691539981,33.23697566986084
lcb,,3,1,7,3.1171012791243897,2.4005403279145767,4.205692175922364,33.23697566986084
lcb,,3,1,8,3.1171012791243897,-0.579545179207777,10.392056791557701,33.23697566986084
lcb,,3,1,9,3.1171012791243897,-0.5368949496183859,10.449737883430524,33.23697566986084
lcb,,3,1,10,3.1171012791243897,-0.4435780614248088,10.495795435980412,33.23697566986084
lcb,,3,1,11,3.1171012791243897,2.6905640578810264,3.5703290722604244,33.23697566986084
lcb,,3,1,12,3.1171012791243897,2.7628443712082458,17.926255753427732,33.23697566986084
lcb,,3,1,13,3.1171012791243897,1.2884063628357438,0.0014330557642754371,33.23697566986084
lcb,,3,1,14,3.1171012791243897,0.47221924479543986,10.394749739789047,33.23697566986084
lcb,,3,1,15,3.1171012791243897,-5.963235220770471,0.254671966893417,33.23697566986084
lcb,,3,1,16,1.0770891074945037,-1.9228484634607526,0.06039039500235077,33.23697566986084
lcb,,3,1,17,-0.7003758400443784,0.32981684439274517,0.03506609009845363,33.23697566986084
lcb,,3,1,18,-1.9970488660605694,0.060772182215792725,0.4780954176841057,33.23697566986084
lcb,,3,1,19,-1.9970488660605694,-1.3176560491515374,0.23918315145751912,33.23697566986084
lcb,,3,1,20,-1.9970488660605694,-0.9689206150128413,0.27582823461629147,33.23697566986084
lcb,,3,1,21,-1.9970488660605694,-1.0665081303478559,0.318744114460328,33.23697566986084
lcb,,3,1,22,-1.9970488660605694,-0.9942857187634075,0.3343011186496021,33.23697566986084
lcb,,3,1,23,-1.9970488660605694,-0.5456506685185332,0.448396347791725,33.23697566986084
lcb,,3,1,24,-1.9970488660605694,-0.48500340872259073,0.41047921668019605,33.23697566986084
lcb,,3,1,25,-1.9970488660605694,-0.4183490040836446,0.4283973505608376,33.23697566986084
lcb,,3,1,26,-1.9970488660605694,-0.283416850200922,0.3448238597638955,33.23697566986084
lcb,,3,1,27,-1.9970488660605694,0.26700678020738167,0.03695460455226396,33.23697566986084
lcb,,3,1,28,-1.9970488660605694,0.2612539735670403,0.03689154294605679,33.23697566986084
lcb,,3,1,29,-1.9970488660605694,0.26198420913491915,0.03686068231069939,33.23697566986084
lcb,,3,1,30,-1.9970488660605694,0.23048758012837567,0.036513622025610815,33.23697566986084
lcb,,3,2,1,3.6762179239130788,3.7160355138640426,2.627701941318575,33.430606842041016
lcb,,3,2,2,3.6762179239130788,2.4678940992730745,4.528777141417977,33.430606842041016
lcb,,3,2,3,3.6762179239130788,2.731542169006026,4.3642353507568,33.430606842041016
lcb,,3,2,4,3.6762179239130788,2.81389190469406,4.345588883797684,33.430606842041016
lcb,,3,2,5,3.6762179239130788,2.880059167380992,4.328779135613733,33.430606842041016
lcb,,3,2,6,3.6762179239130788,2.912139220262702,4.320026561624402,33.430606842041016
lcb,,3,2,7,3.6762179239130788,2.958948649519442,4.3140830665101975,33.430606842041016
lcb,,3,2,8,3.6762179239130788,-0.23884768424724,10.578834099378225,33.430606842041016
lcb,,3,2,9,3.6762179239130788,-0.20812006358734436,10.634541189503416,33.430606842041016
lcb,,3,2,10,3.6762179239130788,-0.11229847174215024,10.694079486110889,33.430606842041016
lcb,,3,2,11,3.6762179239130788,-0.06213362033587089,10.706577585870425,33.430606842041016
lcb,,3,2,12,3.6762179239130788,-5.513097032955109,27.201016150572848,33.430606842041016
lcb,,3,2,13,3.6762179239130788,3.4076189699235755,3.4137986391213353,33.430606842041016
lcb,,3,2,14,3.6762179239130788,-2.874641196047257,0.04561824107721435,33.430606842041016
lcb,,3,2,15,0.7917788545477067,-3.0633053502657575,0.05846052106045008,33.430606842041016
lcb,,3,2,16,0.7917788545477067,0.575183431120486,0.04498669675347422,33.430606842041016
lcb,,3,2,17,0.7917788545477067,0.4978982461014354,0.0510407453047339,33.430606842041016
lcb,,3,2,18,-0.7617658692559534,0.32598561126449255,0.05491746849784285,33.430606842041016
lcb,,3,2,19,-0.8683557073500947,0.3435376306705109,0.04925619849743512,33.430606842041016
lcb,,3,2,20,-2.4580097206286737,0.3577484999657159,0.04634630898101122,33.430606842041016
lcb,,3,2,21,-2.4580097206286737,0.28721739938413293,0.6285913544311281,33.430606842041016
lcb,,3,2,22,-2.4580097206286737,0.3570649392923926,0.6692993883945171,33.430606842041016
lcb,,3,2,23,-2.4580097206286737,0.33952879477543263,0.04489354633959941,33.430606842041016
lcb,,3,2,24,-2.4580097206286737,0.27760615433870584,0.04818039975270594,33.430606842041016
lcb,,3,2,25,-2.4580097206286737,0.1818946894698925,0.06487479541609353,33.430606842041016
lcb,,3,2,26,-2.4580097206286737,0.4888369706347717,0.07181575836765397,33.430606842041016
lcb,,3,2,27,-2.4580097206286737,0.4902559893016907,0.07178100703030132,33.430606842041016
lcb,,3,2,28,-3.9396432105854076,0.49025017991850106,0.07175122369317144,33.430606842041016
lcb,,3,2,29,-3.9396432105854076,0.506485493049162,0.07212726622012333,33.430606842041016
lcb,,3,2,30,-3.9396432105854076,0.5061215397883423,0.07210092397473389,33.430606842041016
lcb,,5,1,1,3.3890352727058697,3.5373613694414274,2.5520557690854506,34.50709629058838
lcb,,5,1,2,3.3890352727058697,2.5716195358526264,3.9372131919050215,34.50709629058838
lcb,,5,1,3,3.3890352727058697,2.5991744462400277,4.1638282373799225,34.50709629058838
lcb,,5,1,4,3.3890352727058697,2.755807883352311,4.138989174943557,34.50709629058838
lcb,,5,1,5,3.3890352727058697,2.786067128185067,16.76118258140025,34.50709629058838
lcb,,5,1,6,3.3890352727058697,2.9647735812062805,4.115876147059126,34.50709629058838
lcb,,5,1,7,3.3890352727058697,3.0752186959800127,4.117335776058543,34.50709629058838
lcb,,5,1,8,3.3890352727058697,-0.26168218151376266,10.261319953097203,34.50709629058838
lcb,,5,1,9,2.188054613760128,-0.22786327496822878,10.305049961382192,34.50709629058838
lcb,,5,1,10,2.188054613760128,-0.15008952857534297,10.348597739196475,34.50709629058838
lcb,,5,1,11,2.188054613760128,2.292194064990227,0.5738209183508314,34.50709629058838
lcb,,5,1,12,2.188054613760128,1.3807844369735705,0.6730823184809474,34.50709629058838
lcb,,5,1,13,2.188054613760128,-0.20534871924883902,10.32300462709384,34.50709629058838
lcb,,5,1,14,2.188054613760128,2.193438304114018,1.0811530000648713,34.50709629058838
lcb,,5,1,15,-1.1884224988291756,-4.087533808071626,0.023385327431089564,34.50709629058838
lcb,,5,1,16,-1.1884224988291756,-4.066904989122548,0.0227699628829221,34.50709629058838
lcb,,5,1,17,-1.1884224988291756,-0.4889933517417262,0.19402848498547876,34.50709629058838
lcb,,5,1,18,-1.4333380232568729,-0.4308251319806473,0.20375931507491352,34.50709629058838
lcb,,5,1,19,-1.4333380232568729,-0.7360695532541115,0.20842345558790676,34.50709629058838
lcb,,5,1,20,-1.4333380232568729,-0.8777376712267468,0.1778128373640282,34.50709629058838
lcb,,5,1,21,-1.4333380232568729,-0.9682229890760397,0.17985589404276148,34.50709629058838
lcb,,5,1,22,-1.4333380232568729,-0.2816006132779947,0.0006067517401326938,34.50709629058838
lcb,,5,1,23,-1.4333380232568729,-0.27976792792492233,0.0018245648666717074,34.50709629058838
lcb,,5,1,24,-1.4333380232568729,-0.28004471693610355,0.0018495099501940615,34.50709629058838
lcb,,5,1,25,-1.4333380232568729,-0.28026218105144807,0.0018886054256466167,34.50709629058838
lcb,,5,1,26,-1.4333380232568729,-0.27614267925718394,0.0019337736451170429,34.50709629058838
lcb,,5,1,27,-1.4333380232568729,-0.2821453966730445,0.002097958802025346,34.50709629058838
lcb,,5,1,28,-1.4333380232568729,0.026755864461474488,0.001273736866489017,34.50709629058838
lcb,,5,1,29,-1.4333380232568729,0.020084637736079713,0.001309006800626733,34.50709629058838
lcb,,5,1,30,-1.4333380232568729,-0.11071337191404851,0.00669813731394342,34.50709629058838
lcb,,5,2,1,2.7369781424392583,2.857273954717094,2.6277358718221517,34.101017236709595
lcb,,5,2,2,2.7369781424392583,1.9332763443153311,4.078635830167668,34.101017236709595
lcb,,5,2,3,2.7369781424392583,2.233229127056063,3.914394452994645,34.101017236709595
lcb,,5,2,4,2.7369781424392583,2.3662530226413807,3.876743075170862,34.101017236709595
lcb,,5,2,5,2.7369781424392583,2.4735387304846057,3.849923872228713,34.101017236709595
lcb,,5,2,6,2.7369781424392583,2.542042569809581,3.8371247873128826,34.101017236709595
lcb,,5,2,7,2.7369781424392583,2.629309142168516,3.8288311626904274,34.101017236709595
lcb,,5,2,8,2.7369781424392583,1.1248865067149367,10.398157048695579,34.101017236709595
lcb,,5,2,9,2.7369781424392583,1.1566295531468,10.430594615543844,34.101017236709595
lcb,,5,2,10,2.7369781424392583,1.2364904210197665,10.48059453783324,34.101017236709595
lcb,,5,2,11,2.7369781424392583,2.805377675418619,3.3963375430464247,34.101017236709595
lcb,,5,2,12,2.7369781424392583,-0.4349233599295559,27.1078803494135,34.101017236709595
lcb,,5,2,13,2.7369781424392583,2.8825819307726093,3.3518624527206464,34.101017236709595
lcb,,5,2,14,-0.18673745045183351,-1.4911956292271213,0.05662931183154285,34.101017236709595
lcb,,5,2,15,-0.18673745045183351,-0.2770688160077839,0.0676046694425736,34.101017236709595
lcb,,5,2,16,-0.43922713331786534,-0.414982666162679,0.1423488193555702,34.101017236709595
lcb,,5,2,17,-0.43922713331786534,-0.40577596764843804,0.14509758208500756,34.101017236709595
lcb,,5,2,18,-0.43922713331786534,-0.41366908302747163,0.14237214974624202,34.101017236709595
lcb,,5,2,19,-0.43922713331786534,-0.42269701055623443,0.13914630421198027,34.101017236709595
lcb,,5,2,20,-0.43922713331786534,-0.4233983620549111,0.1386466321032973,34.101017236709595
lcb,,5,2,21,-4.80509009956789,-0.4251302182039183,0.13787859245843492,34.101017236709595
lcb,,5,2,22,-4.80509009956789,-0.39691405676955327,0.14670955784748152,34.101017236709595
lcb,,5,2,23,-4.80509009956789,-0.3887925882604897,0.14955471063892922,34.101017236709595
lcb,,5,2,24,-4.80509009956789,-0.409794550504202,0.14090784678598745,34.101017236709595
lcb,,5,2,25,-4.80509009956789,-0.16911727881805305,0.134282978722009,34.101017236709595
lcb,,5,2,26,-4.80509009956789,-0.3986787352306038,0.12377033433559959,34.101017236709595
lcb,,5,2,27,-4.80509009956789,-0.3977914896007384,0.12337703212471496,34.101017236709595
lcb,,5,2,28,-4.80509009956789,-0.40038223019791985,0.12250625498870171,34.101017236709595
lcb,,5,2,29,-4.80509009956789,-0.4031044254092393,0.12180702880995398,34.101017236709595
lcb,,5,2,30,-4.80509009956789,-0.39613545202091416,0.12362208174614508,34.101017236709595
lcb,,10,1,1,3.0859138046909957,3.153509518392042,2.5520570639677596,35.460397720336914
lcb,,10,1,2,3.0859138046909957,1.923476190052888,4.297356523277338,35.460397720336914
lcb,,10,1,3,3.0859138046909957,2.1600935912077404,4.193926098840391,35.460397720336914
lcb,,10,1,4,3.0859138046909957,2.253676873102812,4.182002677759435,35.460397720336914
lcb,,10,1,5,3.0859138046909957,2.327249412155112,4.172557643438076,35.460397720336914
lcb,,10,1,6,3.0859138046909957,2.3670298946574277,4.16889323774605,35.460397720336914
lcb,,10,1,7,3.0859138046909957,2.425547000148633,4.1711591398133905,35.460397720336914
lcb,,10,1,8,3.0859138046909957,-0.12075595011563678,10.591671561581666,35.460397720336914
lcb,,10,1,9,3.0859138046909957,-0.07024738456134116,10.649796448377758,35.460397720336914
lcb,,10,1,10,3.0859138046909957,0.031137610703694918,10.70187373930061,35.460397720336914
lcb,,10,1,11,3.0859138046909957,2.781394681642027,3.445429938201661,35.460397720336914
lcb,,10,1,12,3.0859138046909957,-1.8639837412048124,27.115660072218077,35.460397720336914
lcb,,10,1,13,3.0859138046909957,2.9430925178624676,3.264246604254753,35.460397720336914
lcb,,10,1,14,0.5072474951462758,-3.0768678714675985,0.08140298347941766,35.460397720336914
lcb,,10,1,15,-3.246089413574075,0.31351612530875883,0.04581151501283642,35.460397720336914
lcb,,10,1,16,-3.246089413574075,-1.357623371859745,0.2663718011106724,35.460397720336914
lcb,,10,1,17,-3.246089413574075,-1.1413087233089527,0.3182743545947364,35.460397720336914
lcb,,10,1,18,-3.246089413574075,-0.9079578608201686,0.297780443757226,35.460397720336914
lcb,,10,1,19,-3.246089413574075,-0.22217768760982892,0.26103789163269475,35.460397720336914
lcb,,10,1,20,-3.246089413574075,-0.36768558341567825,0.266343401519439,35.460397720336914
lcb,,10,1,21,-3.246089413574075,-0.05445042160102531,0.21608680648427558,35.460397720336914
lcb,,10,1,22,-3.246089413574075,0.004454135894398803,0.24084067885085503,35.460397720336914
lcb,,10,1,23,-3.246089413574075,0.20414832821427353,0.033455718182029415,35.460397720336914
lcb,,10,1,24,-3.246089413574075,0.2030317771567951,0.03350534252044923,35.460397720336914
lcb,,10,1,25,-3.246089413574075,0.2002955926236787,0.0336806835547101,35.460397720336914
lcb,,10,1,26,-3.246089413574075,0.2066484088668581,0.035226521966221114,35.460397720336914
lcb,,10,1,27,-3.246089413574075,0.41196610355544294,0.006599624774640489,35.460397720336914
lcb,,10,1,28,-3.246089413574075,0.12928032312103,0.03256937929583614,35.460397720336914
lcb,,10,1,29,-3.246089413574075,-0.05127912413258784,0.03506163084194469,35.460397720336914
lcb,,10,1,30,-3.246089413574075,-0.052685991727500436,0.03514149285988388,35.460397720336914
lcb,,10,2,1,2.607794816599945,2.6424872087727067,2.6277142931710973,35.29232740402222
lcb,,10,2,2,2.607794816599945,1.408175016655946,4.532152880941578,35.29232740402222
lcb,,10,2,3,2.607794816599945,1.6832367562748303,4.334685100311925,35.29232740402222
lcb,,10,2,4,2.607794816599945,1.7546186174279725,4.32107337380565,35.29232740402222
lcb,,10,2,5,2.607794816599945,1.8073454994127047,4.309710242114302,35.29232740402222
lcb,,10,2,6,2.607794816599945,1.8355340451059874,4.3049059974566015,35.29232740402222
lcb,,10,2,7,2.607794816599945,1.8872938922612263,3.782356259825362,35.29232740402222
lcb,,10,2,8,2.607794816599945,1.7639054319779106,3.909001311411819,35.29232740402222
lcb,,10,2,9,2.607794816599945,0.41630377964294496,15.02209187351736,35.29232740402222
lcb,,10,2,10,2.607794816599945,2.399332081308252,3.200824024850008,35.29232740402222
lcb,,10,2,11,2.607794816599945,2.387190856640366,3.1689440584951205,35.29232740402222
lcb,,10,2,12,2.607794816599945,2.2158467943812283,3.5231165682340286,35.29232740402222
lcb,,10,2,13,2.2727305922440673,2.664419041475213,2.8025318303204383,35.29232740402222
lcb,,10,2,14,2.2727305922440673,2.6404507482876483,0.23765254699299554,35.29232740402222
lcb,,10,2,15,2.2727305922440673,2.6700740485274537,2.796496405916357,35.29232740402222
lcb,,10,2,16,2.2727305922440673,2.6719109319912846,2.7935832715742155,35.29232740402222
lcb,,10,2,17,2.2727305922440673,2.6749640247194577,2.7885413731998225,35.29232740402222
lcb,,10,2,18,1.3488098974386016,2.683121975120315,2.7739167619587235,35.29232740402222
lcb,,10,2,19,0.01569315495908887,2.685076608374647,0.13094305481327773,35.29232740402222
lcb,,10,2,20,0.01569315495908887,-0.013824587824380785,0.02107305388157421,35.29232740402222
lcb,,10,2,21,-0.9072445171209461,0.02724551937524211,0.013037293900094227,35.29232740402222
lcb,,10,2,22,-0.9072445171209461,0.03291366859892264,0.013568952306492577,35.29232740402222
lcb,,10,2,23,-0.9072445171209461,0.0342890781940568,0.013706450799382708,35.29232740402222
lcb,,10,2,24,-0.9072445171209461,0.03484227392841177,0.013772145977251071,35.29232740402222
lcb,,10,2,25,-0.9072445171209461,0.03642094820495956,0.013951706134973207,35.29232740402222
lcb,,10,2,26,-0.9072445171209461,0.03687115790082629,0.014010277883562239,35.29232740402222
lcb,,10,2,27,-1.178080756230105,0.3753645025939747,0.026770681467990443,35.29232740402222
lcb,,10,2,28,-1.178080756230105,0.3759442542516034,0.027350745526515396,35.29232740402222
lcb,,10,2,29,-1.178080756230105,0.3759271530935777,0.02733631087805044,35.29232740402222
lcb,,10,2,30,-1.178080756230105,0.37584411798135164,0.027297374910514094,35.29232740402222
rahbo,1.0,3,1,1,3.1171012791243897,3.1712107561879463,2.552052113362133,32.6456515789032
rahbo,1.0,3,1,2,3.1171012791243897,1.9826023230278622,4.2611169632592025,32.6456515789032
rahbo,1.0,3,1,3,3.1171012791243897,2.109585012380414,4.288515602504086,32.6456515789032
rahbo,1.0,3,1,4,3.1171012791243897,2.204275385723548,4.269551255840952,32.6456515789032
rahbo,1.0,3,1,5,3.1171012791243897,2.2780622013206155,4.252320862210184,32.6456515789032
rahbo,1.0,3,1,6,3.1171012791243897,2.3152114544805755,4.24325317321388,32.6456515789032
rahbo,1.0,3,1,7,1.6916471754565106,2.3740822542167805,4.237444979332223,32.6456515789032
rahbo,1.0,3,1,8,1.6916471754565106,2.4020486195121578,4.232417358140111,32.6456515789032
rahbo,1.0,3,1,9,1.6916471754565106,2.5269196780233614,4.221300132688575,32.6456515789032
rahbo,1.0,3,1,10,1.6916471754565106,-0.763826437338885,10.481900798578806,32.6456515789032
rahbo,1.0,3,1,11,1.6916471754565106,2.674504959678714,3.3814415146445054,32.6456515789032
rahbo,1.0,3,1,12,1.6916471754565106,2.721782186895126,3.4249442035683515,32.6456515789032
rahbo,1.0,3,1,13,0.24061654032293375,-2.542549672015845,0.021542935527392615,32.6456515789032
rahbo,1.0,3,1,14,0.24061654032293375,0.15508724048187617,0.011311433798859127,32.6456515789032
rahbo,1.0,3,1,15,0.24061654032293375,0.16215542869242228,0.030901034202997835,32.6456515789032
rahbo,1.0,3,1,16,0.24061654032293375,0.15221643156432663,0.0654256365634982,32.6456515789032
rahbo,1.0,3,1,17,0.030257981304449344,0.11199904021727747,0.05575985836798836,32.6456515789032
rahbo,1.0,3,1,18,0.030257981304449344,0.06601102756576438,0.05419937698584931,32.6456515789032
rahbo,1.0,3,1,19,0.030257981304449344,0.06050954132427222,0.05402095170142296,32.6456515789032
rahbo,1.0,3,1,20,0.030257981304449344,0.09550041839067092,0.05462978114634787,32.6456515789032
rahbo,1.0,3,1,21,0.030257981304449344,0.09166053266201857,0.05456884399783313,32.6456515789032
rahbo,1.0,3,1,22,0.030257981304449344,0.10245609260205413,0.054635879658146536,32.6456515789032
rahbo,1.0,3,1,23,0.030257981304449344,0.1597380953662153,0.05420216676954048,32.6456515789032
rahbo,1.0,3,1,24,0.030257981304449344,0.17037039230720552,0.05409633757377286,32.6456515789032
rahbo,1.0,3,1,25,0.030257981304449344,0.45990656979705236,0.04935910411306388,32.6456515789032
rahbo,1.0,3,1,26,0.030257981304449344,0.46552788641322707,0.0508230074394973,32.6456515789032
rahbo,1.0,3,1,27,0.030257981304449344,0.5101319919238918,0.0518408670285222,32.6456515789032
rahbo,1.0,3,1,28,0.030257981304449344,0.4260887747126674,0.03156419320263382,32.6456515789032
rahbo,1.0,3,1,29,0.030257981304449344,0.4228553649642919,0.030434000987817456,32.6456515789032
rahbo,1.0,3,1,30,0.030257981304449344,0.46239191207778063,0.04519676649680271,32.6456515789032
rahbo,1.0,3,2,1,3.6762179239130788,3.7160355138640426,2.627701936793433,37.417054414749146
rahbo,1.0,3,2,2,3.6762179239130788,2.4678940992730745,4.528776993533648,37.417054414749146
rahbo,1.0,3,2,3,3.6762179239130788,2.7144294358974648,4.385823469742621,37.417054414749146
rahbo,1.0,3,2,4,3.6762179239130788,2.5879894215505743,4.29632253244127,37.417054414749146
rahbo,1.0,3,2,5,3.6762179239130788,3.470838495178562,3.1359628233028456,37.417054414749146
rahbo,1.0,3,2,6,3.6762179239130788,3.4991257461933145,3.0682468379036774,37.417054414749146
rahbo,1.0,3,2,7,3.6762179239130788,3.5637142622562905,2.9737666449056395,37.417054414749146
rahbo,1.0,3,2,8,3.6762179239130788,3.4787373958495564,3.128245918158771,37.417054414749146
rahbo,1.0,3,2,9,3.6762179239130788,3.451069297942553,3.1688544660456595,37.417054414749146
rahbo,1.0,3,2,10,3.6762179239130788,-0.8299906846002898,0.3195424329194285,37.417054414749146
rahbo,1.0,3,2,11,0.49332774841420374,3.5342204956409375,3.194064982087381,37.417054414749146
rahbo,1.0,3,2,12,0.49332774841420374,-0.8146398461512021,0.14138716584703026,37.417054414749146
rahbo,1.0,3,2,13,0.49332774841420374,-0.36249289297344234,0.6066801528135208,37.417054414749146
rahbo,1.0,3,2,14,0.49332774841420374,-0.4493806238196356,0.13381846239492035,37.417054414749146
rahbo,1.0,3,2,15,0.49332774841420374,-1.3828409561314317,0.14648184861132663,37.417054414749146
rahbo,1.0,3,2,16,0.49332774841420374,-1.5784410535951352,0.268653947137091,37.417054414749146
rahbo,1.0,3,2,17,0.49332774841420374,-2.6448476758885704,0.3557171745423151,37.417054414749146
rahbo,1.0,3,2,18,0.49332774841420374,-2.7609224583196195,0.278844155432429,37.417054414749146
rahbo,1.0,3,2,19,0.49332774841420374,-2.650491510422455,0.18738106716813085,37.417054414749146
rahbo,1.0,3,2,20,-0.08236539044194902,-2.574982059179902,0.17335686191811028,37.417054414749146
rahbo,1.0,3,2,21,-0.08236539044194902,-2.6467549363768796,0.20050769415920477,37.417054414749146
rahbo,1.0,3,2,22,-0.08236539044194902,0.496243254528153,0.0022071509976360204,37.417054414749146
rahbo,1.0,3,2,23,-0.08236539044194902,0.5177710313802493,0.002432663320249162,37.417054414749146
rahbo,1.0,3,2,24,-0.14985936525243948,0.5875162155644027,0.0031143286696302397,37.417054414749146
rahbo,1.0,3,2,25,-0.14985936525243948,0.5417888228876144,0.002549366060669911,37.417054414749146
rahbo,1.0,3,2,26,-0.14985936525243948,0.5496920000518486,0.002636991131844013,37.417054414749146
rahbo,1.0,3,2,27,-0.14985936525243948,0.5360490243272942,0.002436364898567689,37.417054414749146
rahbo,1.0,3,2,28,-0.5124300205562041,0.5350180251312757,0.0024141308039187237,37.417054414749146
rahbo,1.0,3,2,29,-0.5124300205562041,0.38667184825354184,0.001421686370434827,37.417054414749146
rahbo,1.0,3,2,30,-0.5124300205562041,0.38834066064118744,0.0014547322940750007,37.417054414749146
rahbo,1.0,5,1,1,3.3890352727058697,3.5373613694414345,2.552055751461639,32.85051870346069
rahbo,1.0,5,1,2,0.9762469430774022,3.5189376696811365,2.3392414083099675,32.85051870346069
rahbo,1.0,5,1,3,0.9762469430774022,-1.995877509365485,8.72258951391963,32.85051870346069
rahbo,1.0,5,1,4,0.9762469430774022,-1.7258585971662725,8.555366754653587,32.85051870346069
rahbo,1.0,5,1,5,0.9762469430774022,-1.5409794156002832,8.436141653376794,32.85051870346069
rahbo,1.0,5,1,6,0.9762469430774022,-15.677599856477997,27.891007726494195,32.85051870346069
rahbo,1.0,5,1,7,0.9762469430774022,-2.7852797608233857,9.177844457691494,32.85051870346069
rahbo,1.0,5,1,8,0.9762469430774022,-2.509001270286312,8.738434024487225,32.85051870346069
rahbo,1.0,5,1,9,0.9762469430774022,-2.019416970471873,1.214808197459245,32.85051870346069
rahbo,1.0,5,1,10,0.9762469430774022,-0.27570623246791115,0.17633300595271528,32.85051870346069
rahbo,1.0,5,1,11,0.9762469430774022,-0.21784324565150825,0.16404023024988668,32.85051870346069
rahbo,1.0,5,1,12,0.9762469430774022,-0.1417996081545141,0.15133590715963585,32.85051870346069
rahbo,1.0,5,1,13,0.9762469430774022,-2.087142752926624,1.2837572022075108,32.85051870346069
rahbo,1.0,5,1,14,0.9762469430774022,0.3931215500278853,0.0024020657351471186,32.85051870346069
rahbo,1.0,5,1,15,0.9762469430774022,0.319338819417581,0.00653074416926458,32.85051870346069
rahbo,1.0,5,1,16,0.14348467172223156,0.41375082611615,0.02074075788882368,32.85051870346069
rahbo,1.0,5,1,17,0.14348467172223156,0.32494813071375717,0.021204673180307054,32.85051870346069
rahbo,1.0,5,1,18,0.07022003246120753,0.34894915842034635,0.022354037912156954,32.85051870346069
rahbo,1.0,5,1,19,0.07022003246120753,0.29840798812981006,0.022100688917825906,32.85051870346069
rahbo,1.0,5,1,20,0.07022003246120753,0.2786362375392528,0.022172273214801308,32.85051870346069
rahbo,1.0,5,1,21,0.07022003246120753,0.2581189346654824,0.022117552343241087,32.85051870346069
rahbo,1.0,5,1,22,0.07022003246120753,0.5092708199509914,0.023688438842178527,32.85051870346069
rahbo,1.0,5,1,23,0.07022003246120753,0.6236265058405834,0.022570304955312537,32.85051870346069
rahbo,1.0,5,1,24,0.07022003246120753,0.6133370123245641,0.022644074426763083,32.85051870346069
rahbo,1.0,5,1,25,0.07022003246120753,0.594354385483836,0.023201464399551952,32.85051870346069
rahbo,1.0,5,1,26,0.07022003246120753,0.5238428691667458,0.025532481306953514,32.85051870346069
rahbo,1.0,5,1,27,0.07022003246120753,0.5444384433262321,0.026508847324640428,32.85051870346069
rahbo,1.0,5,1,28,0.07022003246120753,0.5372449531630892,0.02770214174522323,32.85051870346069
rahbo,1.0,5,1,29,-0.42814775610527656,0.5770209939752142,0.022046129815763038,32.85051870346069
rahbo,1.0,5,1,30,-0.42814775610527656,0.5176324285828464,0.005739029425082975,32.85051870346069
rahbo,1.0,5,2,1,2.7369781424392583,2.857273954717094,2.6277359340541677,34.03147268295288
rahbo,1.0,5,2,2,2.7369781424392583,2.8710227661863215,2.6278189288081357,34.03147268295288
rahbo,1.0,5,2,3,2.7369781424392583,2.8766911777753066,2.6278096844151664,34.03147268295288
rahbo,1.0,5,2,4,2.7369781424392583,2.8825286930482577,2.5420631677334526,34.03147268295288
rahbo,1.0,5,2,5,2.7369781424392583,2.7770733199737805,2.349436633811324,34.03147268295288
rahbo,1.0,5,2,6,2.7369781424392583,2.5800633695661617,2.3441965490360097,34.03147268295288
rahbo,1.0,5,2,7,2.7369781424392583,2.192464026152443,3.53452153080784,34.03147268295288
rahbo,1.0,5,2,8,2.7369781424392583,1.9970158722583449,3.7553666776812316,34.03147268295288
rahbo,1.0,5,2,9,2.7369781424392583,1.8877044486639392,3.848146790013227,34.03147268295288
rahbo,1.0,5,2,10,2.7369781424392583,1.8366316080064422,3.9207418554411673,34.03147268295288
rahbo,1.0,5,2,11,2.7369781424392583,1.5444768822433232,4.335057452164644,34.03147268295288
rahbo,1.0,5,2,12,0.5072389602973704,2.0866204880655985,0.14269738002925791,34.03147268295288
rahbo,1.0,5,2,13,0.5072389602973704,0.025482526573370023,0.02710687907817544,34.03147268295288
rahbo,1.0,5,2,14,-0.13541947876087912,-0.13592878730560898,0.04404878961771708,34.03147268295288
rahbo,1.0,5,2,15,-0.13541947876087912,-0.15192452733749917,0.0453338725905148,34.03147268295288
rahbo,1.0,5,2,16,-0.13541947876087912,0.22882357876751058,0.03465255789848776,34.03147268295288
rahbo,1.0,5,2,17,-0.13541947876087912,0.23034640377167648,0.03392903355557486,34.03147268295288
rahbo,1.0,5,2,18,-0.13541947876087912,0.18953702460728294,0.01946575511757409,34.03147268295288
rahbo,1.0,5,2,19,-0.13541947876087912,0.24028934020655157,0.01852751802313435,34.03147268295288
rahbo,1.0,5,2,20,-0.13541947876087912,0.2481994906530005,0.01983741436354869,34.03147268295288
rahbo,1.0,5,2,21,-0.4628135805924189,0.28380077036802476,0.01777837922279879,34.03147268295288
rahbo,1.0,5,2,22,-0.4628135805924189,0.2038727728633063,0.005309318412852093,34.03147268295288
rahbo,1.0,5,2,23,-0.4628135805924189,0.17301315105121162,0.001537743897138455,34.03147268295288
rahbo,1.0,5,2,24,-0.4628135805924189,0.22433446257803524,0.008832998515622137,34.03147268295288
rahbo,1.0,5,2,25,-0.4628135805924189,0.20110865270875067,0.010778568988797588,34.03147268295288
rahbo,1.0,5,2,26,-0.4628135805924189,0.1920993612040256,0.011444787627375774,34.03147268295288
rahbo,1.0,5,2,27,-0.4628135805924189,0.2225653746133709,0.00935768054557684,34.03147268295288
rahbo,1.0,5,2,28,-0.4628135805924189,0.24103589945308457,0.008464811538583916,34.03147268295288
rahbo,1.0,5,2,29,-0.4628135805924189,0.2511235848698483,0.009913066647595059,34.03147268295288
rahbo,1.0,5,2,30,-0.4628135805924189,0.2238900385865712,0.01147580800982162,34.03147268295288
rahbo,1.0,10,1,1,3.0859138046909957,3.1535095183920347,2.552056936419297,32.148146629333496
rahbo,1.0,10,1,2,3.0859138046909957,1.9234761900528738,4.297356606490056,32.148146629333496
rahbo,1.0,10,1,3,3.0859138046909957,2.216960749739094,4.126840011075131,32.148146629333496
rahbo,1.0,10,1,4,3.0859138046909957,2.3130165323085308,4.108650982900131,32.148146629333496
rahbo,1.0,10,1,5,3.0859138046909957,1.7417276071686558,15.211088641292834,32.148146629333496
rahbo,1.0,10,1,6,3.0859138046909957,2.015245942694399,15.030729040831533,32.148146629333496
rahbo,1.0,10,1,7,3.0859138046909957,2.2096286995366157,14.90948475430571,32.148146629333496
rahbo,1.0,10,1,8,3.0859138046909957,2.567475345319508,4.092235428661018,32.148146629333496
rahbo,1.0,10,1,9,3.0859138046909957,2.927467447820895,16.643539467924107,32.148146629333496
rahbo,1.0,10,1,10,3.0859138046909957,0.7455173433161875,0.025133163548312965,32.148146629333496
rahbo,1.0,10,1,11,3.0859138046909957,2.271404432850048,5.161221913288102,32.148146629333496
rahbo,1.0,10,1,12,3.0859138046909957,2.6335737875991754,4.08859738152615,32.148146629333496
rahbo,1.0,10,1,13,0.6993850871428108,0.3790752187116695,0.008828728844283873,32.148146629333496
rahbo,1.0,10,1,14,0.6993850871428108,0.5091256125246133,0.004979076818729666,32.148146629333496
rahbo,1.0,10,1,15,-0.2224208855123396,0.33034944759818785,0.003889565465051703,32.148146629333496
rahbo,1.0,10,1,16,-0.2224208855123396,-0.04843828613935841,0.009233160406704854,32.148146629333496
rahbo,1.0,10,1,17,-0.2224208855123396,0.2783323687106787,0.004980354930244957,32.148146629333496
rahbo,1.0,10,1,18,-0.2224208855123396,0.2513406419089179,0.005106439404643837,32.148146629333496
rahbo,1.0,10,1,19,-0.2224208855123396,0.3225810105336109,0.004864453806280977,32.148146629333496
rahbo,1.0,10,1,20,-0.2224208855123396,0.29419466650045933,0.004996806836485845,32.148146629333496
rahbo,1.0,10,1,21,-0.2224208855123396,0.45410426622992617,0.004406771146253874,32.148146629333496
rahbo,1.0,10,1,22,-0.2224208855123396,0.47180417194191193,0.004387659635490593,32.148146629333496
rahbo,1.0,10,1,23,-0.2224208855123396,0.4854036607726222,0.004402024260686588,32.148146629333496
rahbo,1.0,10,1,24,-0.2224208855123396,0.4787697302389695,0.004422988373814718,32.148146629333496
rahbo,1.0,10,1,25,-0.2224208855123396,0.5068115563767925,0.010433489825199871,32.148146629333496
rahbo,1.0,10,1,26,-0.2224208855123396,0.46387831414256553,0.10984114888220375,32.148146629333496
rahbo,1.0,10,1,27,-0.2224208855123396,0.4558334813643832,0.07958153817491542,32.148146629333496
rahbo,1.0,10,1,28,-0.2224208855123396,0.5147682856440987,0.0550257284164033,32.148146629333496
rahbo,1.0,10,1,29,-0.2224208855123396,0.5349442725845535,0.04903796379594816,32.148146629333496
rahbo,1.0,10,1,30,-0.2224208855123396,0.54777859942768,0.045826663896523456,32.148146629333496
rahbo,1.0,10,2,1,2.607794816599945,2.6424872087725433,2.6277147343445835,32.77447533607483
rahbo,1.0,10,2,2,2.607794816599945,1.408175016655953,4.532152852903887,32.77447533607483
rahbo,1.0,10,2,3,2.607794816599945,1.6763750277525915,4.343248412478494,32.77447533607483
rahbo,1.0,10,2,4,2.607794816599945,1.7482059389046611,4.3304782847348795,32.77447533607483
rahbo,1.0,10,2,5,2.607794816599945,1.799152174692658,4.319096420264357,32.77447533607483
rahbo,1.0,10,2,6,2.607794816599945,1.8262393736868106,4.31442312561167,32.77447533607483
rahbo,1.0,10,2,7,2.607794816599945,1.8636049783600726,4.314472604353312,32.77447533607483
rahbo,1.0,10,2,8,2.607794816599945,1.9179028689201658,4.315666198282798,32.77447533607483
rahbo,1.0,10,2,9,2.607794816599945,2.2616828098941895,3.660742888088514,32.77447533607483
rahbo,1.0,10,2,10,2.607794816599945,1.891856479280655,4.315608222293329,32.77447533607483
rahbo,1.0,10,2,11,2.607794816599945,2.012344088098878,4.216223317948857,32.77447533607483
rahbo,1.0,10,2,12,0.7695183049992084,2.691238497115222,3.1184277462426166,32.77447533607483
rahbo,1.0,10,2,13,0.7695183049992084,0.5792871714835215,0.026485969745863258,32.77447533607483
rahbo,1.0,10,2,14,0.7695183049992084,0.7156585869380763,0.5062943905267172,32.77447533607483
rahbo,1.0,10,2,15,0.7695183049992084,0.6610302332914486,0.3631270141050944,32.77447533607483
rahbo,1.0,10,2,16,0.7695183049992084,0.6150846436431436,0.347748715970706,32.77447533607483
rahbo,1.0,10,2,17,0.4426417980492552,0.9644175382807418,0.34561721668564616,32.77447533607483
rahbo,1.0,10,2,18,0.4426417980492552,0.8722916367531255,0.2814544965214747,32.77447533607483
rahbo,1.0,10,2,19,-0.010066914299465202,0.9057696231036374,0.2738964377304338,32.77447533607483
rahbo,1.0,10,2,20,-0.010066914299465202,0.7575492309778369,0.1863759343507212,32.77447533607483
rahbo,1.0,10,2,21,-0.010066914299465202,0.9400490766717979,0.2898371149016761,32.77447533607483
rahbo,1.0,10,2,22,-0.010066914299465202,0.9586604198099806,0.2626700413601011,32.77447533607483
rahbo,1.0,10,2,23,-0.010066914299465202,0.8881857752064732,0.22831796569783336,32.77447533607483
rahbo,1.0,10,2,24,-0.010066914299465202,0.844500042060325,0.20723064607333264,32.77447533607483
rahbo,1.0,10,2,25,-0.010066914299465202,0.870462645434614,0.19817525557139604,32.77447533607483
rahbo,1.0,10,2,26,-0.010066914299465202,0.8349671850861533,0.16825751393876587,32.77447533607483
rahbo,1.0,10,2,27,-0.010066914299465202,0.8145877266769936,0.153337409772357,32.77447533607483
rahbo,1.0,10,2,28,-0.010066914299465202,0.7041132734451132,0.09403103798709189,32.77447533607483
rahbo,1.0,10,2,29,-0.010066914299465202,0.6809069754026424,0.08154793387903325,32.77447533607483
rahbo,1.0,10,2,30,-0.010066914299465202,0.6821505741049485,0.0822911971866791,32.77447533607483
